goal_id,match_id,minute,scoring_team_id,scorer_player_id,goal_type,score_home_after,score_away_after
19eaf7c0-5e6a-4c5f-8bae-4db6238e2e0d,9982573,16,12825,75529,normal,1,0
5ad62da1-23e6-4d58-a9e8-34d3900bd391,9982573,20,12759,274076,normal,1,1
9b0fd978-9060-44ef-8d2f-4efed3103ab0,9982573,35,12825,273346,normal,2,1
861e8d47-d218-4c8b-ba20-d5fce0385d14,9982573,36,12759,274076,normal,2,2
b6d7a796-c22a-4e78-8425-04fbbb07db04,9982579,38,12725,73457,normal,1,0
cdf0da0a-414b-4e07-a886-96dc6de61ff0,9982579,67,12725,73457,normal,2,0
e29aa685-7f8c-4153-a079-243266066be1,9982579,75,12622,275527,normal,2,1
f657027f-a4d1-409d-8900-0b4e6e32d67a,9982580,13,13927,276606,normal,0,1
ceda5e60-f9e2-4568-b523-0e16d89398ac,9982580,40,12947,74668,normal,1,1
c62d0921-06ce-47eb-94d2-ce513639614a,9982577,6,12803,278251,normal,1,0
0684135f-aa6a-406a-afc6-90217a6b4256,9982577,7,12803,278251,normal,2,0
3547a283-3be6-4f46-b7b0-ce8017caffa0,9982577,19,12803,21912554,normal,3,0
e13804bb-4e5d-4223-8673-842f7bd0bc7d,9982577,35,12803,74333,normal,4,0
1842aa3c-2ce2-4ab8-8a6a-6e7ad2040c8b,9982577,51,30056,274882,normal,4,1
5656f81b-9cad-4087-b49c-c2cdfc46aba7,9982577,69,12803,278251,normal,5,1
eca98550-e832-40a6-a029-b5558cd08134,9982577,83,12803,61542,normal,6,1
76fee3d0-8b73-4d2a-8764-3405d4ebcfc9,9982581,5,13849,272001,normal,0,1
833d6533-e49b-473f-aa5d-071dd7f29913,9982581,48,13849,273344,normal,0,2
9bcb3c28-db2b-41cd-9cb1-868425892ae8,9982581,59,13849,73531,normal,0,3
cf636d54-8861-4f73-9594-e52d3490c36d,9982581,68,14815,77519,normal,1,3
8926226f-63eb-403d-8e94-b8ddf0a8d2d0,9982575,17,9582,74743,normal,0,1
6d16a281-5c35-43d7-85c3-e763bded1c80,9982575,30,9582,77889,normal,0,2
e03fda53-c26e-4a8e-96bb-8938cbfc9eb9,9982575,40,9582,72748,normal,0,3
8b007aca-da7c-4d56-a0cd-0ed5304f9ac9,9982576,50,12647,58882,normal,1,0
d878c969-7ba5-4e11-8b33-6970a4dc0b63,9982576,73,14132,275076,normal,1,1
2ef21e9e-81b8-4e8c-8ced-7cf0694b3571,9982574,9,13261,60567,normal,1,0
a7c5631c-94f8-4e4b-9856-1f848780b942,9982574,13,13261,60567,normal,2,0
80eda04f-ff74-479a-bd39-70bc9594cef2,9982574,36,13673,273055,normal,2,1
3cc45814-2f94-4774-be47-85f010940b4e,9982574,39,13673,274493,normal,2,2
a75f2b26-6c7a-445f-a2ed-ec7c8d9f673d,9982574,45,13673,67101,normal,2,3
a91d8b52-101d-4060-8e4b-3800aec9b5d8,9982574,75,13673,274249,normal,2,4
1ea2b1cc-f75c-41c4-8bce-58174646ad00,9982574,79,13261,346968,normal,3,4
22c0b35f-8f36-4c32-addb-cea8ab221dc0,9982578,9,15127,276350,normal,1,0
42de5124-c2f7-46a0-8827-d0a730f52ad3,9982578,14,13687,21748684,own_goal,1,1
ea10ccfb-06e5-49d3-9d0d-db12e6da6848,9982578,30,13687,73153,normal,1,2
f5fc2e58-92e8-4d07-b495-c78687e43210,9982578,48,13687,276800,normal,1,3
ef8e39f0-1512-4c4d-ab05-451a7af97109,9982578,68,13687,63166,normal,1,4
658e5f3f-0133-4c94-96e1-b526117bd992,9982578,76,13687,63099,normal,1,5
cab1f4db-7fa8-4498-9301-92ee1a94e582,9982578,79,13687,63099,normal,1,6
3884d17b-7a9b-4600-b93b-16fbbb79a77e,9982590,25,12947,275423,normal,0,1
630621e0-7e5e-4b23-817e-f5a749fd979f,9982590,27,12947,275423,normal,0,2
a0a9c77d-a473-4cb6-9492-5564af91eaa8,9982590,50,12947,22366830,normal,0,3
78336c4e-fd0a-440a-8bdc-4f9ce68c167a,9982590,77,12947,74668,normal,0,4
581d5e23-d1db-4616-8540-807118ae20b9,9982583,44,12825,272437,normal,0,1
e1ca8b67-c72e-4abd-8c88-778ed4bdb20b,9982583,66,13673,274615,normal,1,1
2c3e237d-246b-4690-b9b2-431fc0b26629,9982583,72,12825,274556,normal,1,2
8c062d74-c4dc-4699-b5c5-9268afcf76f8,9982588,59,12622,74024,normal,1,0
9514a867-af2c-4fb7-92fd-5f077dc93ef8,9982588,71,12622,277859,normal,2,0
cbaf74ef-ba2d-4434-b36b-862ec89ba6f7,9982585,5,4563,73356,normal,0,1
2a4c6bab-f7c7-4a2c-8789-30be195f014d,9982585,9,4563,60559,normal,0,2
187eeefa-c680-49fe-8eed-296e2ede1fd8,9982585,35,4563,60559,normal,0,3
69360abc-e0b3-420a-a3e5-7e196a41ee92,9982585,57,14132,271476,normal,1,3
6dc36f2e-112b-4d8f-aa2a-e905e3521f58,9982586,3,12647,271895,normal,0,1
1fd5e7a3-f0de-4666-a3bf-e679b8016178,9982587,15,12803,274544,normal,0,1
b8e7ae96-a2d5-4e32-84c8-82f7749c7d5f,9982587,33,12803,63344,normal,0,2
78082fa8-4efb-4949-ab97-3a8a14773f3e,9982584,17,9582,75044,normal,1,0
073b996b-8630-448b-8dba-bea95c5b001d,9982584,21,9582,77889,normal,2,0
18bf15b5-b1a6-487a-9fe4-d0c1c9b5185b,9982584,39,9582,75044,normal,3,0
46adae47-d324-4941-b758-f9d37545a3b3,9982584,48,9582,75044,normal,4,0
c9ea4ae6-f303-4358-a049-68e5e3603e78,9982584,61,9582,72748,normal,5,0
ef2f97e1-d80d-445c-a633-510633d921fd,9982584,68,9582,72748,normal,6,0
0d0cad2c-56a4-4254-9793-a3d92140d5f2,9982582,3,14815,276318,normal,0,1
1f83f245-43c0-4039-81b4-fa1fa87d27c6,9982582,34,14815,274438,normal,0,2
11e4736f-a064-480c-a88b-f95bdcf5eb31,9982596,38,12622,74097,normal,0,1
07b060dc-9428-4e03-acb4-a3b665f3b988,9982596,39,12803,74333,normal,1,1
9fe66516-f26c-45c1-a0ff-e57f950f4735,9982596,42,12622,61640,normal,1,2
414fd4be-3eb9-4446-8480-1a0e7fcb2f69,9982596,57,12803,274544,normal,2,2
65689140-0d2e-4967-83d3-6920160d819e,9982596,60,12622,275527,normal,2,3
a621b888-128d-47fe-8ae2-61aceb5683d7,9982596,68,12803,63139,normal,3,3
4b31b70b-c138-43bc-99cd-eb547fb92567,9982596,70,12622,74024,normal,3,4
64b0769c-313c-481e-94ca-1a65c3d0bca5,9982596,79,12803,75867,normal,4,4
bb1c700b-f2c4-42cb-b323-b19658ad5907,9982594,2,4563,277476,normal,1,0
9797786d-0dae-4c2e-8384-3af0e0168dc7,9982594,7,30056,73814,normal,1,1
7be3601c-3c51-4c03-a868-0d1ed02efaa8,9982594,28,30056,73814,normal,1,2
53c58279-ddc4-4403-94cd-ef9a4f25e95b,9982594,54,30056,272676,normal,1,3
604b3870-edf5-4dfe-9e4a-a538d0c49e34,9982599,21,14815,75780,normal,1,0
19e7a1d7-7248-402e-b95d-8880fcd3498f,9982599,30,12947,74668,normal,1,1
ed1ee121-bd6f-459e-a978-982ae710cfc5,9982599,45,14815,77519,normal,2,1
00281d13-cbb8-4f8f-8447-3bd8e4a1c80b,9982599,63,12947,59148,normal,2,2
03d14c7b-0201-46b3-beab-2a0f3d0b7869,9982593,21,13261,73634,normal,1,0
931dbaf9-be5f-433d-b5a8-21e4451fb3ed,9982593,32,14132,276218,normal,1,1
83c78d0a-27c8-470d-a512-08a6f359c8f8,9982593,50,14132,22611464,normal,1,2
23dd1028-52f8-4ca9-9fae-31f538bede41,9982593,55,13261,73634,normal,2,2
57e20f52-c070-4e80-abbf-c08ef192f902,9982593,64,13261,346941,normal,3,2
c731a5f6-fe61-4d97-813b-80ecfa04a47f,9982592,8,9582,66328,normal,0,1
8da7d981-e483-41f8-a2f8-9c0f7a90d0f0,9982592,10,9582,75044,normal,0,2
d5126faa-3d4a-497b-88c6-60da0fd8c1dd,9982592,27,9582,73302,normal,0,3
ce47b62b-b0fe-4f0b-8dc5-0c13430e329f,9982592,79,9582,276285,normal,0,4
58a984e4-6beb-47ab-8f86-6a29e1461d91,9982591,8,13673,66338,normal,0,1
539947e3-816f-4001-9c2e-a41ae05ac1ee,9982591,20,13673,274075,own_goal,0,2
50d8bcb3-93f5-4b6f-bcb4-3ed991d51439,9982591,51,13673,66338,normal,0,3
3f4ca5af-56f8-43ac-a158-caf737b81550,9982591,62,12759,276934,normal,1,3
93cc3281-8bab-41ae-ae28-12115cd23e56,9982591,68,13673,273115,normal,1,4
4f97337d-4f00-487b-9e9c-502109a425c2,9982591,77,12759,274076,normal,2,4
c5d7e6be-a804-45ef-bf9a-5a518df29c75,9982598,20,13849,289127,normal,0,1
ec17e9b5-1137-420d-8404-f51c69cc94b4,9982598,28,13849,273174,normal,0,2
d6a544dc-1f05-4ea5-90d3-72146b6427e8,9982598,43,13849,274290,normal,0,3
cbae113f-20ba-4fbb-80cd-369e4f316dc8,9982598,77,13849,275428,normal,0,4
2d8d3424-9482-42b5-9c14-6e330e28099c,9982598,78,13849,275642,normal,0,5
ca21a5bf-00ae-4078-a5be-c71c24bfea9e,9982598,79,12725,275713,normal,1,5
6ed53461-34a5-4753-937a-c3b3d8ba68c1,9982597,23,15127,72762,penalty,1,0
77a5d0f6-b70a-4b67-bcdf-dcc96b524b21,9982597,41,13927,273126,normal,1,1
ce24b681-0396-4d7f-9092-8cb1753b2112,9982597,75,15127,273366,own_goal,2,1
b147ce07-b954-4d58-bad3-8109d65eb077,9982595,22,12647,271895,normal,1,0
90a88299-8a1d-47ca-9a1d-85a17e491013,9982595,75,13687,63243,penalty,1,1
737fe941-f21a-4e33-bceb-0d64254673af,9982607,52,13849,273036,normal,1,0
060f9253-e6e6-48b5-80a6-4453919f0ceb,9982607,65,13849,274290,normal,2,0
5a11767f-1531-4c57-a9fd-78b6e2f32d37,9982607,71,15127,272039,normal,2,1
234717f0-da3c-48b9-b77d-b9eb3ccd63c6,9982605,2,12622,73985,normal,1,0
94e2ac0e-d6af-4978-8937-cd80a13d874c,9982605,22,12622,277859,normal,2,0
5397de52-5db2-4146-8ba2-7bd64c847027,9982605,46,12622,63233,normal,3,0
e10808a9-0e97-4aea-8e2c-7075fd71d9cb,9982605,48,12622,277859,normal,4,0
9306cdb5-e509-4481-aa13-25f6c51d6e7e,9982605,62,12622,275527,normal,5,0
bf85d699-530c-44aa-831d-0226f7627379,9982605,74,12622,272174,normal,6,0
d38e94d4-b57d-4293-bf96-eb209654412a,9982608,3,12947,59148,normal,1,0
7ebbdaa5-5111-4011-9d86-0638403d05f6,9982608,11,12947,22366830,normal,2,0
3be41bcb-512a-4f30-8948-51db04f02aac,9982608,25,12725,73457,normal,2,1
f242fe1b-1cdc-4c20-b726-7848fd923f19,9982600,18,13673,66338,normal,1,0
b596500f-417c-48e6-92cf-d40b0425481a,9982600,32,13673,274615,normal,2,0
078b09dd-d4ee-4200-8860-628d40acee24,9982600,52,14815,276318,normal,2,1
d84998f5-01e9-4416-b4b5-c5516a820fdb,9982600,66,13673,66338,normal,3,1
57ac3ca4-24d4-456a-9b39-494a9687547e,9982603,20,30056,73814,normal,1,0
6d4f713b-eef2-4f4e-bd62-cf4b6d8eb900,9982603,31,30056,274882,normal,2,0
e61d5b08-17d2-4360-a0b0-ebb99e47c5e8,9982603,33,30056,274882,normal,3,0
d7398b3e-5776-4cea-88b2-72a62ac4e9fb,9982603,38,30056,274882,normal,4,0
aeed2471-b349-4647-921c-f19a1560f601,9982603,54,13261,291852,normal,4,1
a8bb7235-27ea-430e-8b86-a5e176ba73de,9982603,60,30056,73814,normal,5,1
609f3300-404d-4265-8365-1e30a9ad67e5,9982603,77,13261,73524,normal,5,2
210ad0d6-8e0d-45fc-b6b9-7e4257e544d2,9982602,28,14132,277345,normal,1,0
f2d6326d-be5e-4cc9-839e-f677c3810942,9982602,55,14132,271476,normal,2,0
b0b14cdc-a7df-4e02-92ea-65eaf334f73b,9982602,75,14132,22611464,normal,3,0
c416c2ac-f97b-4dbe-9fa7-682b82dacd7e,9982601,3,9582,276437,normal,1,0
29a46c49-8510-49c3-8b8a-b50ce46d51c3,9982601,15,9582,77889,normal,2,0
94f7c024-069f-4f01-b6f9-4d4c76446083,9982601,38,9582,77889,normal,3,0
cd5dcdd3-fec6-44a3-8c33-2f27dc08ffa4,9982601,60,9582,74743,normal,4,0
2db47200-0c95-443e-8364-6dd6a146f059,9982601,73,9582,72955,normal,5,0
91df9c05-3851-4529-8edd-629f3621b358,9982604,39,13687,63099,normal,1,0
18103edd-4433-4b89-b072-5189cd9a5ece,9982604,62,13687,63099,penalty,2,0
167e769e-fb62-4720-9302-4cfeb1cadb02,9982604,79,4563,274432,normal,2,1
f9f1d5f7-6ed8-48bd-8d88-438d253c8462,9982604,81,4563,274432,normal,2,2
0ba47a67-ad5b-45dd-9a97-a8ece656fbc9,9982612,17,13687,63166,normal,0,1
5b0ca09e-9f9a-4781-9e9f-4220ee929c3a,9982612,30,13687,73153,normal,0,2
b9eabc52-f16c-47ee-b7a2-3cc3e1b03bcb,9982612,77,13687,272482,normal,0,3
fc11b759-ad84-4326-86c1-db7883b1aba5,9982615,31,13849,273174,normal,0,1
2f347781-af73-4a4b-8339-8dd71ee2bd5b,9982615,70,12803,274544,normal,1,1
0fe2d9f2-67b3-435c-bad0-d6ecb3ab319a,9982613,2,4563,277476,normal,1,0
66affbf4-e0ab-4f8a-a0cb-032ad23a488b,9982613,18,12622,73985,normal,1,1
03523f36-d2ad-420b-ae5d-e42af5e305a8,9982613,33,4563,273227,own_goal,2,1
13847193-01d1-4d3e-8deb-0dcd9843d710,9982613,39,4563,274432,normal,3,1
6041b7c6-1e49-4c84-b603-f396d69bd28f,9982613,41,4563,274432,normal,4,1
52f90748-1774-4713-93fe-77a7362241d9,9982613,46,4563,73356,normal,5,1
2fb18f5f-d9f9-4414-bcbc-51691b766f50,9982613,57,4563,277476,normal,6,1
48790f13-76b4-4c0d-b4ce-fbde47e0d126,9982613,80,12622,22304428,normal,6,2
845d1689-cc4e-4ea4-a1ff-701fe53b628f,9982611,32,12825,274348,normal,1,0
d94da07e-6fc2-46dc-9aa1-17f8a7d76576,9982611,37,30056,62127,normal,1,1
c986093a-1dbc-431c-888c-fa0cea09cfa0,9982616,3,12947,22366830,normal,0,1
5b4d1082-cd7d-4696-a430-74888059a8d7,9982616,21,12947,275755,normal,0,2
b657e41c-60e3-4a3d-9944-e1dd93d42a59,9982616,26,12947,74668,normal,0,3
bb977db0-c3a6-4174-9ccd-b79a4df51f05,9982616,54,12947,59148,normal,0,4
6e3c8a48-62a0-47d6-abd6-6afba69a909a,9982617,25,12725,73457,normal,0,1
cdd16740-8d6d-44e8-9a6e-7de5f7424781,9982617,80,12725,73457,normal,0,2
789c097a-7464-4a0c-8e3f-1cff70d79c2e,9982610,5,12759,274076,normal,1,0
c0c5bb17-195b-4257-9078-fae521bc1721,9982610,53,14132,275076,normal,1,1
b85514ee-30cf-461d-9681-9e1ef4d3cf37,9982610,70,14132,276218,normal,1,2
b07d0d44-6c8c-4a4e-9767-7fbbe1604cc6,9982609,33,9582,72748,normal,0,1
406ce33f-ce38-4041-bc7b-20e8d584e655,9982609,39,9582,74743,normal,0,2
51c90865-1502-48b8-bf44-bac3442a8ac0,9982609,70,9582,277935,normal,0,3
aa395a17-bfdf-48d6-b25e-c64da0d2e557,9982609,73,9582,77312,normal,0,4
bc7c7a0f-8a5b-486b-9abd-94e0d2d4bdd6,9982614,30,12647,271895,normal,1,0
fc0edf7a-7f9f-48c3-a6e4-42bc10a643c8,9982614,72,12647,58882,normal,2,0
8ade48e7-8399-4346-a18b-476f1380292f,9982624,28,13849,273174,normal,1,0
1ecd5068-d7cd-4653-adb7-0666509f189a,9982624,47,13849,274290,normal,2,0
73779cb5-3d74-4435-be17-e7de658433db,9982624,52,13849,73531,normal,3,0
48014729-7e92-499f-8f34-4862510d7eb9,9982624,62,13849,275428,normal,4,0
e2e9879d-93b8-4853-8fe8-c716edf020a6,9982625,1,12947,22366830,normal,1,0
85453b0c-0828-4616-b4bf-bd02d2512afc,9982625,36,12947,271678,normal,2,0
a9d07f25-578b-419d-bb68-1c21a9db0cf7,9982625,83,12803,63139,normal,2,1
46bc80b4-b997-42f2-bc09-0d351537b730,9982625,85,12947,77753,normal,3,1
b99a3371-ce93-4628-a76b-d8936ff8ff0f,9982623,9,13927,274790,normal,1,0
ea348ef0-1e1e-4a8e-b107-bb36c73bfa86,9982623,15,4563,274432,normal,1,1
b0f48a1e-948c-43d0-8947-669e980ee7af,9982623,21,4563,60559,normal,1,2
683933c6-f8ba-4283-9c4b-817771a96ae0,9982623,46,13927,274540,penalty,2,2
bef97294-d17c-45b1-bc14-ea73223f61cd,9982623,72,4563,274432,normal,2,3
48062f02-fed2-4cca-a86b-bbf450b9b73d,9982620,25,30056,61777,normal,1,0
4d96bc3c-9cf2-4947-9faa-cf24258aebf0,9982620,59,30056,555684,normal,2,0
1020a64d-21f8-4467-bfc4-00c16a43fb7d,9982620,78,30056,61777,normal,3,0
82b66377-7de6-431c-89f6-7bc3a2b70fc0,9982620,80,30056,73814,normal,4,0
5be2634a-5cdd-44e1-8ebc-a060a842f456,9982621,1,13687,21912875,normal,1,0
e7a80bab-e3e2-4c35-918b-22c90c2c5b56,9982621,17,13687,272482,normal,2,0
26d8bc71-fe44-426f-973c-0a1a17d4f713,9982621,23,13687,272482,normal,3,0
4223b25d-6f19-4efa-b33d-555f8320a0a0,9982622,8,12622,74097,normal,1,0
18dbbc28-f3ee-4d39-b7a5-75e0f26f4b71,9982622,30,12622,272174,normal,2,0
da757281-7386-4674-a2a0-d3df7368696a,9982622,33,12622,275527,normal,3,0
3c32b013-95b0-417a-ae8b-4ddbf57eafc4,9982622,40,12622,316446,normal,4,0
ba4cf847-589a-41ff-9f0f-8f495f3608e3,9982622,46,12622,316446,normal,5,0
d72446b7-4235-49fd-8ba3-f92c389327bc,9982622,51,12622,274324,normal,6,0
b57edf27-7f4e-4104-9553-c866877c0649,9982622,70,12622,272174,normal,7,0
af3a7ad9-7a36-4f67-88e1-0f551fe33ad8,9982622,77,12622,316446,normal,8,0
846246fc-8581-4833-8fb3-cf3e23bc3520,9982619,37,13673,66338,normal,0,1
7d5cb8cf-fa8b-4839-8f35-e34b2bf17736,9982619,44,13673,274249,normal,0,2
ffab67d0-61ef-42f4-979b-05cd1e8537d1,9982619,80,13673,275254,normal,0,3
a8a92d18-d800-4c9f-9efe-79687d63d338,9982618,8,9582,77312,normal,1,0
869b0712-7ea6-480c-93d8-3fcc200b9340,9982618,9,9582,73302,normal,2,0
0c992b9d-f29f-4d93-9a81-b90202b312b9,9982618,20,9582,75044,normal,3,0
a119f1fe-44d0-40c5-910b-5d23e2664374,9982618,25,9582,75044,normal,4,0
80ad8baf-f4b4-40d3-8369-e52e43532808,9982618,79,9582,337874,penalty,5,0
6f86de33-5eae-495e-8d62-2597c5de0a73,9982628,41,13673,66338,normal,1,0
f76d8f98-f13a-4d13-ba1b-2931e143c43e,9982628,71,30056,61777,penalty,1,1
0afe6f42-a05e-4843-b314-a84cc9568609,9982628,86,30056,73814,normal,1,2
90ea649d-7355-47e9-a217-2f712974364c,9982634,33,12725,271576,normal,0,1
c9904fd3-2fb6-45b4-9544-9ee86921cb61,9982634,45,12803,278251,normal,1,1
786258af-8c36-4eb8-9067-46059e5e98ec,9982634,46,12803,75867,normal,2,1
9e7c2cf5-8917-44b3-9c98-977c95ac3264,9982634,54,12803,21912554,normal,3,1
bb3dc86f-f5b9-4538-9690-db77d00ae0d5,9982634,70,12803,63139,penalty,4,1
5936923f-7de4-453f-9085-19ff0bc1cad7,9982634,79,12725,275713,penalty,4,2
86e69275-8c9d-4dfd-9b80-30d1f9e7ea0a,9982629,35,13687,276968,normal,0,1
ae5aeb1a-7dd1-4198-b5d8-0017ea2ca149,9982629,73,13687,72813,normal,0,2
40182fe4-c93a-4213-b42f-1155285a67bb,9982631,15,13927,273126,normal,0,1
0bd37cd5-8df3-4097-8d10-a7e5d275b922,9982631,36,13927,273126,normal,0,2
b0468792-5f72-45f7-ba69-975b3d6a0706,9982631,45,13927,275258,normal,0,3
4af5214d-71eb-4f21-9962-19d432a2bfaa,9982631,53,13261,555706,normal,1,3
2a0c8f2d-debe-4342-a6bd-64784d9bdc1f,9982631,81,13927,346968,own_goal,1,4
92f89838-1dc7-433f-a281-7dba05012cb2,9982632,25,4563,72924,normal,1,0
db442748-78e7-4a1a-8701-e7407e063328,9982632,47,4563,60559,normal,2,0
79e35989-0ffa-4e03-8bfb-a1ae3cf221c4,9982632,57,13849,273174,penalty,2,1
96c2730c-7286-469a-ae78-9f38bf293743,9982627,40,9582,77889,normal,1,0
2924c9ed-616e-4181-a6c5-20b6b65e1eb0,9982627,41,9582,276133,normal,2,0
0d0ca2dd-9bb6-4333-aa7c-775996b5f573,9982627,67,9582,75044,normal,3,0
6524c0ef-f2ae-47ed-8cf6-3b841abe20f7,9982627,72,9582,75044,normal,4,0
428ad4aa-c822-44ac-b50b-87be23334ad2,9982627,73,9582,75044,normal,5,0
993812ab-699e-4c14-81cb-7eecfbb97660,9982630,1,12622,73985,normal,0,1
9e87ce6d-20dd-43a0-bace-9dc5d7b993bf,9982630,3,12622,63233,normal,0,2
4865645b-9b78-4892-ac2b-69a22d9a2e95,9982630,10,12825,74823,normal,1,2
ebe73bd1-972d-44d4-852e-e0b48444ae48,9982630,57,12622,274324,normal,1,3
693bc85e-2cd8-4d4a-8c85-dcae390812c9,9982630,61,12622,74647,normal,1,4
ab140538-eb98-4cfa-a2bc-29da22eeb6f8,9982630,78,12622,63233,normal,1,5
4253aa7b-686b-473b-817f-3f0d4575535b,9982633,26,12947,74668,normal,0,1
bdba9611-0f5a-4ff1-9ffb-3a2baf915931,9982633,40,12947,59148,normal,0,2
24092637-73ed-42cb-a41d-0d032ba48c9b,9982633,53,12947,78021,normal,0,3
cb766466-9e1a-4ebb-815b-c2d55d631498,9982635,9,14815,77519,normal,1,0
d8d98c78-2168-4d2f-b70f-9e6c9965f34f,9982635,32,14815,276318,normal,2,0
eecdcb3d-1286-46e3-ab4f-f12421f12d04,9982635,35,14815,77519,normal,3,0
33a8b80f-b0f2-4f0b-975f-433699f98663,9982635,38,14815,272522,normal,4,0
88fe708d-2824-4c7b-ab43-b92a2da19f09,9982635,58,15127,273452,normal,4,1
33557a9e-c69d-4100-817f-c30e4a539bf1,9982635,69,15127,272039,normal,4,2
302fcfaf-8be9-4a94-90ab-033f13f2d550,9982641,28,13849,274290,normal,1,0
89988266-908e-4637-9903-f69097c2fc34,9982641,69,13849,273174,normal,2,0
cbf963b1-5967-4245-9814-fc22ca3b5389,9982641,77,13261,314539,penalty,2,1
f80e829c-a40f-41c7-8424-3a0c780b5eb7,9982638,6,13673,348811,normal,0,1
4c7fb535-6616-41a4-a0c9-ac1ea73a995b,9982638,62,13673,66338,normal,0,2
4c5704ce-1fa5-46b1-ad6a-cb375bdffd9d,9982638,67,13687,73153,penalty,1,2
9cbf3498-867d-4311-9351-65070b0a788d,9982638,75,13687,73153,normal,2,2
8c0e0dcc-0a82-4a36-a799-f57f213cdb7b,9982636,14,14815,276921,normal,0,1
e0a91890-477a-4335-b6e5-76e1d9503f25,9982636,35,14815,276318,normal,0,2
08e6476d-f584-49bf-a216-b43ac14b5855,9982636,59,14132,271476,normal,1,2
db0374ee-6c38-4993-a587-844857b0cf5e,9982636,70,14815,276775,normal,1,3
7663586c-b968-4e0e-9c81-da1f1cf390b9,9982637,2,9582,276437,normal,0,1
e66d865f-7a1d-42cf-82cf-497ef8ff27b5,9982637,12,9582,62127,own_goal,0,2
16619b0f-c61c-47e4-9d4f-1d9c268202ae,9982637,49,9582,66328,normal,0,3
f098f420-a4ce-4c30-9891-2244cee0fab2,9982637,53,9582,72748,normal,0,4
d7f1f4a8-c988-45a0-97e7-9a0c2ed9bf7a,9982637,77,30056,385329,penalty,1,4
bfe21597-e176-46a3-90d5-399409174ffb,9982640,30,13927,22594169,normal,1,0
d01ed05e-77da-4e8b-8774-55f6860031d3,9982640,80,12825,274442,normal,1,1
c7113b4f-4bff-45bf-a8c7-c4ddd4ddc4ad,9982642,65,4563,277476,normal,0,1
3c1fe3f0-bf76-410c-9487-9e7d410a59d6,9982644,14,12803,74333,normal,0,1
c1244fa4-0fc6-4272-9a6d-e6b6d0d3eeb6,9982644,37,12803,74333,normal,0,2
959aa288-09c6-4caa-a231-aea621c98f4b,9982644,79,12803,63302,normal,0,3
b10e871d-7b98-423e-b08f-9496576347a4,9982644,80,12803,278251,normal,0,4
58a4e003-7b6a-485e-aa39-5bfe7d7823a8,9982639,5,12622,61640,penalty,1,0
1d822859-140d-494a-b32b-21f35d4b546e,9982639,41,12759,274076,normal,1,1
6eda658e-7ce4-47b7-91a1-8a1061cc4482,9982639,44,12622,277859,normal,2,1
b0aa8f4d-f692-409d-9ae3-8f613fe7de62,9982639,59,12622,274263,normal,3,1
16b81e17-be32-4434-a9e6-22b3e45c02ee,9982650,29,12947,74668,normal,0,1
c05f36e4-8857-4d53-8b41-a9dc3612f04e,9982650,78,12947,74668,normal,0,2
585a3eff-ef43-4c55-97b3-c5008fac484f,9982647,2,12622,74097,normal,0,1
304ecaa3-ec50-4d70-9bed-f59ea6d6a57c,9982647,14,13673,66338,normal,1,1
99f31fa7-7d5e-47b7-93c1-3ffe85db7e96,9982647,17,13673,66338,normal,2,1
81ea86fb-049d-4fc8-920d-e262910874b5,9982647,30,12622,293258,normal,2,2
a2449e44-4f5d-48eb-bd05-0f04f3506436,9982647,38,13673,274493,normal,3,2
27e93807-5231-41f1-9d2e-b6f64c861066,9982647,60,12622,63233,normal,3,3
53ee87ad-1493-4ec2-8c28-386887724445,9982647,82,12622,274324,normal,3,4
0c1a4161-f763-41de-bc4e-db9ee8561257,9982651,51,4563,60471,penalty,1,0
d982abe7-8bc2-411a-a67c-0331f04ecfba,9982651,64,4563,271986,normal,2,0
2f260be5-6d1f-4ece-af4f-071bc039bc82,9982651,79,4563,271986,normal,3,0
64e310de-6ee5-4141-b2a8-7156dc46b91a,9982649,16,13849,274290,normal,0,1
0fae09a3-da3e-40b3-85a5-160c3bdb635d,9982649,31,13849,272001,normal,0,2
80cc73a5-f0e3-4ad9-9ca3-6babef9de958,9982649,38,12825,274442,normal,1,2
b8b64293-38db-4819-9b61-cbb11da08eb4,9982649,39,12825,274442,normal,2,2
128358cc-0091-47d6-8c7c-4c52c4f0ee56,9982649,41,13849,274290,normal,2,3
f1c07356-fded-478b-aa7d-2325333f5084,9982652,42,12647,66910,normal,1,0
e2c0bcd7-6521-4178-836d-0b0d2c786d51,9982652,62,12647,274419,normal,2,0
d7639948-9231-42a9-b8f9-f3fbb50e6f94,9982652,64,12647,271895,normal,3,0
7ef2177e-2ab2-4302-adf6-3810ec224336,9982652,79,12647,58882,normal,4,0
8c73c1fb-8ac3-4aa5-8fbc-e11df777ff50,9982648,16,12759,274076,normal,1,0
c53e9c0a-8b08-4499-b465-941798b1d62c,9982648,31,13927,277943,normal,1,1
8ae54341-c99b-49fa-b255-5bb81bfb33e1,9982648,60,12759,276934,normal,2,1
417116e7-24e3-499b-99c1-00d988fb4a7c,9982646,11,9582,77889,normal,1,0
99c361dc-dcbb-4d1a-941a-19f052e60a48,9982646,63,13687,63099,normal,1,1
31c025a6-dc4a-4db7-a6d6-e58bbb160678,9982646,85,9582,276437,normal,2,1
cb28b6f5-6af9-4854-be72-e2c4befbed20,9982653,3,12803,74333,normal,0,1
d2d7005b-4b76-4271-8040-d3b096c6a67c,9982653,24,12803,278251,normal,0,2
146ba0f8-f846-41ce-8e97-b493474ac500,9982658,32,13849,273344,normal,1,0
582b4938-fde9-4d21-95b2-49e308427752,9982658,37,13849,273344,normal,2,0
4e2db404-843f-456c-a0ad-7bea7ee1be03,9982658,39,13849,273044,normal,3,0
aec15b24-dd2d-463e-9db5-9810a33bac17,9982658,40,13849,273036,normal,4,0
666d7c66-2722-4c55-9d15-60daa988f20b,9982658,47,13849,273044,normal,5,0
ca14cf4b-3eec-4f4d-a963-91263b4737a1,9982658,64,13849,274290,normal,6,0
dd9ec65a-d548-4468-9e65-2dedfeab0bd1,9982656,1,12622,274324,normal,1,0
ac7911b5-fb54-484b-b2d8-f84c27bb2c24,9982656,34,9582,74743,normal,1,1
5c5f9153-8c2d-40fb-83fc-e61c6b3813ab,9982656,37,12622,274324,normal,2,1
95012757-01f9-42d9-847c-193f17c38288,9982655,3,13687,63099,normal,1,0
efda714e-6d25-400e-9bf6-913e10b21c03,9982655,4,13687,63099,normal,2,0
da41199a-333e-454d-9e21-113e70f3a642,9982655,8,13687,63243,normal,3,0
99689d6c-6d82-4e59-84aa-1680b34947bd,9982655,18,13687,63099,normal,4,0
cad9d910-273b-49b2-b335-63eb6212a229,9982655,50,14132,77731,normal,4,1
55859e1d-89a1-4fa8-a45d-9f969f38161c,9982655,69,13687,62908,normal,5,1
50b632e5-69a3-44fb-b421-c653c02612c4,9982659,62,12947,275073,normal,1,0
a5a05ca0-75c3-455b-b2f8-e10918b4737b,9982659,70,12947,74668,normal,2,0
7fc51831-0fe6-484e-ba27-b94c9ffc9519,9982659,72,12947,78021,normal,3,0
a614683f-0078-422d-ab97-083c67402734,9982657,9,13673,66338,normal,0,1
6d17a257-8f67-4de2-b62e-18633c9c73fd,9982657,45,13673,67101,normal,0,2
29a41be2-50b9-4e00-8133-fa210c526e13,9982661,30,15127,272039,normal,1,0
a03e6ac7-72ef-4792-b53a-19b6879a0136,9982661,32,4563,277476,normal,1,1
265df32e-bfc9-4219-9c2a-4d4a4d523a4f,9982661,52,4563,314324,normal,1,2
92370e79-59dc-4ce1-bb8a-eb5f6b354072,9982661,63,4563,60559,normal,1,3
0c87be1c-6845-45f9-91ee-0e9551159cd5,9982661,70,15127,21748684,normal,2,3
f857862a-d32a-4afb-b21b-f50cec89104d,9982660,12,12725,271576,normal,1,0
cca8a2e8-b5d6-4bcd-9d36-876040b97944,9982660,46,13261,73684,normal,1,1
7d225d18-c378-4f5f-aaae-c6f872dd1c67,9982660,83,13261,275323,normal,1,2
e3cc57ee-aa3d-45da-8daf-0e61a8031a81,9982662,5,12803,63344,normal,1,0
8d6a25bd-c13f-4f13-bd1b-d1374d0ecd02,9982662,13,12803,63139,normal,2,0
17dfe1f5-048a-4ee9-800e-b385c1f9895b,9982662,51,12803,61542,normal,3,0
9ce72b7f-853d-4076-9079-ef59ad28676b,9982662,67,12803,278251,normal,4,0
b2ba7a63-946a-4689-9743-8db10fd42234,9982654,24,14815,271615,normal,0,1
c1a25fe1-e9c2-4715-b358-9b3d83393c0f,9982654,60,14815,77519,normal,0,2
34b9b540-34e9-408e-9a51-c32d642ab03c,9982669,32,13261,73684,normal,1,0
338347e3-7b11-4e2f-89a2-cfb19553527d,9982670,9,12803,62825,normal,0,1
d6cdae13-e21f-4a41-8e45-90ef2825fcb7,9982670,28,4563,271986,normal,1,1
ac3f6543-bb22-4514-b1c7-f18149f8cf2c,9982670,44,12803,62825,normal,1,2
b9ddbb32-cc85-45d3-96cb-0883b4f2e6a3,9982670,55,12803,61542,normal,1,3
09bbbe0e-9e78-4ec3-873a-ee7b4366a12c,9982664,25,12622,274324,normal,0,1
88dcc5b3-ebb1-43f1-80bc-4392c368b32e,9982664,38,12622,316446,penalty,0,2
6229ebf1-d09b-4c43-a60c-8ce4a92151d5,9982664,74,14132,272452,normal,1,2
b0f558b6-f243-42e0-bf88-421c1773011c,9982664,76,12622,277859,normal,1,3
2be25a4c-2884-46f3-976c-5494244f421d,9982663,51,13687,63243,normal,0,1
bcc1af03-8d56-4a87-8cef-67afb843bf70,9982663,76,30056,274882,normal,1,1
4922497a-b363-44d6-91be-05e0d1a93266,9982663,80,30056,272547,own_goal,2,1
e0cf372f-c168-4aad-9a81-2e8fd89b2a64,9982666,24,13673,67101,normal,1,0
e9b6ed2b-dbba-4fbc-bc82-3d01afd435da,9982666,27,13849,272001,normal,1,1
a3f7bb84-4a97-4c0f-9854-19d554b4aa5c,9982666,62,13673,66338,normal,2,1
0d3e539d-224c-4784-ad28-354d50cba113,9982668,14,12725,76602,normal,0,1
e9a27dd2-8942-4d0f-a117-9ec93ce348da,9982668,22,12825,274809,normal,1,1
ab698cba-1747-4523-a128-4a17fdf0e28b,9982668,81,12825,274809,normal,2,1
41ed679b-cc68-4c1b-944c-4918930b2fb4,9982665,3,9582,75044,normal,1,0
2302c1ce-e13e-48f4-88d2-3a356a37e4a0,9982665,17,9582,73302,normal,2,0
7aef4dc8-4d0f-4c7b-ba89-951d16539d4d,9982665,32,9582,75044,normal,3,0
5e9dc931-06c2-43d6-bc29-1717fbd23c0a,9982665,47,9582,276285,normal,4,0
5f1bcaef-de17-4716-acc1-6359353ecc2c,9982665,64,9582,276788,normal,5,0
a73d9069-9ec7-4d3c-9d6d-3dc83bdbeeda,9982665,75,9582,72955,normal,6,0
08859c41-754e-43cb-8573-9bb3b162b22f,9982671,31,12647,61555,penalty,0,1
85a5ec92-d65a-4aa7-8e4e-952d164fd593,9982671,39,14815,276921,normal,1,1
e2c1fde5-a5d1-4ffe-b808-6cb354a1da64,9982671,54,12647,273108,normal,1,2
2f91130c-9ab3-4ce3-9d15-ddff9fcad3f4,9982671,81,14815,276318,normal,2,2
50e46ef2-dda9-4b90-af81-3deae1f0ef9e,9982672,37,13687,73153,normal,1,0
a3a91cd1-53f5-4c3f-a1ea-4d2e4b52f13d,9982672,48,13687,276800,normal,2,0
972f8877-e0b9-4880-b705-d5264b407e11,9982672,77,13687,272482,normal,3,0
4370806f-41a3-4da8-8148-aace9e040591,9982675,4,13849,273174,normal,1,0
ff997cb1-948c-49be-90f4-89cbf33217ca,9982675,20,13849,73531,penalty,2,0
95f8db16-4f6a-44d2-9fdd-2943ad71a184,9982675,29,9582,75044,normal,2,1
6324013f-f4b5-49f2-b246-957e11d4fb16,9982675,39,9582,72748,normal,2,2
6493ae11-ff1a-4c56-a046-ebd83c6616da,9982675,43,9582,72748,normal,2,3
d65fe1a4-7857-4d4f-b81a-80cb1903deae,9982675,66,13849,274010,normal,3,3
80d8c948-fdec-47f7-b97d-244deb7e6bb5,9982680,28,4563,60471,normal,0,1
8f6eeb5d-1aec-4fe8-b1d2-5974c01e91d6,9982678,66,12825,274442,normal,0,1
fa992308-81a1-4eb8-8ad6-6433bde9c4a5,9982678,73,12825,274442,normal,0,2
e4606b51-5f81-4a1b-b71e-3c6ab9120634,9982673,33,12622,277859,normal,1,0
f6b22bc3-4cc9-40c8-9777-e7ddcb6fdd8f,9982673,36,30056,77337,normal,1,1
343fdfdf-3e18-47f5-8898-e261e23229b7,9982673,42,12622,74024,penalty,2,1
29dccc19-7c04-4276-87db-8763dbecc4d2,9982673,44,12622,74647,normal,3,1
07679ac4-f98b-4877-aaad-c033dd53431f,9982673,47,30056,73814,normal,3,2
f5cd4b69-789e-4967-9219-7dae25b00144,9982673,52,12622,74097,normal,4,2
8749ad61-5eed-41a5-9ab5-e9e5ce17ca9c,9982673,59,30056,73814,normal,4,3
6cdedc26-38d0-4c03-afb7-da882676271b,9982676,8,12947,74668,normal,1,0
7c21fc34-30aa-498c-bcfd-3c15075fb637,9982676,32,12947,275755,normal,2,0
821c6210-49ae-4da3-8d12-c368ac522066,9982676,41,12947,275755,normal,3,0
ec6a60cc-5519-42c1-babc-6f7d1617e3d5,9982674,51,13927,275258,normal,1,0
cff89923-fff9-48ec-9bd8-ad6222ecb0eb,9982674,77,13927,273366,normal,2,0
6d797b9d-0ded-4396-ad0d-a1e062d93a3b,9982679,8,12803,61542,normal,1,0
aa3e6d60-9a3f-41cc-8f36-3f6573bf2973,9982679,20,12803,62825,normal,2,0
1c929101-0c6c-4409-976e-c11e99b255c2,9982677,19,12725,275713,normal,1,0
13494b02-a4d1-406a-a2e1-c259662bb836,9982677,27,12725,275713,normal,2,0
b2f87735-ed20-47d9-8de4-7bbc0bcf559c,9982677,31,12759,67630,normal,2,1
3536ab6e-55f8-458f-b126-43f0a21f2574,9982677,63,12759,274076,normal,2,2
1d7a6608-2ded-4c07-b8f4-3ae1dd8a732f,9982686,3,12759,274076,normal,1,0
8cbe0632-7f8b-4e70-95ac-cda0c1a06c76,9982686,43,12759,66835,normal,2,0
8ce62e38-875c-4e6a-a19b-8eebd66f08ae,9982686,51,12759,275382,normal,3,0
f7252de3-b4bb-49b5-8821-e5df3e65429e,9982686,65,15127,72765,normal,3,1
03aa93d0-4bc9-4084-91e9-ed2b30dd8a41,9982681,20,13687,276968,normal,1,0
f8fe0c9d-49bd-4fa3-8c8c-483418ddf4ef,9982681,35,13687,276968,normal,2,0
f5c401ad-9664-483c-9bcb-b6cccf94f9da,9982688,11,13261,73684,normal,1,0
57df9937-67c9-49cb-a35e-c4b3dfe10963,9982688,41,13261,275323,normal,2,0
5ea6e7f8-5cdf-423d-8c1f-644408ddc564,9982688,47,12647,275704,normal,2,1
b2993a38-c245-4cee-ba48-ef5b78ae0112,9982688,54,12647,271895,normal,2,2
d1a87b6a-1396-4f0f-83a4-23e71c0d6bc1,9982688,58,12647,271895,normal,2,3
b6c1a254-9505-4b59-9f53-ffd5833884d7,9982688,75,13261,346941,normal,3,3
ba90f4b0-dec0-404c-b005-1ab89cf11a98,9982682,9,30056,61777,normal,1,0
4faa23c0-b82d-4ede-b064-c55443744073,9982682,32,30056,61777,normal,2,0
495c0c59-73ff-4b82-9607-988bd94ac0a4,9982682,75,30056,274882,normal,3,0
3cf855fe-399b-41bb-a52f-d878b5f09813,9982689,16,4563,60559,normal,0,1
1af46c8d-6bd6-458e-8b46-8a189741c45c,9982689,36,4563,271873,normal,0,2
3215c4aa-9066-40f7-ba81-5f44ad14c256,9982689,38,14815,271615,normal,1,2
a546de5c-3062-447c-9185-4e1427b6d5e8,9982689,39,4563,277476,normal,1,3
329a2556-75a0-4e07-b68f-035de7bfb3e5,9982689,58,4563,73356,normal,1,4
eee033dc-6d79-4217-a72e-dea6de6c8e09,9982689,67,4563,67515,normal,1,5
d338e2ae-3292-4517-adea-81e91f29c3e8,9982689,71,14815,274438,penalty,2,5
62ecb09e-bf59-470e-bfee-6a28be13da5f,9982687,3,12803,74333,normal,0,1
4f769816-ad4b-46b6-81ca-375dcca07244,9982687,43,12803,62825,normal,0,2
01742a52-6376-4f2f-9e85-bcfe572b6722,9982687,61,12825,272437,normal,1,2
37fe3f94-5c18-4277-8da0-dfa781107981,9982687,66,12825,272487,normal,2,2
8b0d99c5-3257-4fe7-8e23-e97df7b41068,9982687,83,12803,75867,normal,2,3
61852af4-00ea-492b-98c3-6ea10fe8537f,9982685,48,13673,276802,normal,1,0
50c97276-b276-4075-b4ed-7bc96a900122,9982683,19,13849,273174,normal,0,1
68b3152e-46f9-4471-9083-f672edd02289,9982683,39,14132,276218,normal,1,1
a63945af-59fd-4333-ae33-a042c13e7b68,9982683,70,13849,272631,normal,1,2
d8f333f4-a177-414c-8b33-da8456b1cd3b,9982684,16,9582,73302,normal,1,0
27c2522a-58bb-45bd-923e-a344db4ca1ed,9982690,32,12622,73985,normal,1,0
ed4bf07a-3e14-417f-b0e7-9efc639bc863,9982692,3,13849,73531,normal,1,0
260ccb0d-13ca-4023-bbbe-ebb2038b6d07,9982692,40,30056,274882,normal,1,1
4caf2a4c-28b6-4eec-b90c-9a157121b3e0,9982693,77,14132,22611464,normal,0,1
ec2a01fb-bce3-4516-ab5b-714bf6095539,9982695,9,15127,21748684,normal,1,0
5a9e9d94-9e64-4108-8431-943deae91587,9982695,17,13673,274318,penalty,1,1
a545ea64-a4dd-4254-a448-0681037b9e18,9982695,32,15127,272039,normal,2,1
9c4c98cc-104f-4659-8d65-96ee05709a0f,9982695,39,13673,291822,own_goal,2,2
2ea0200e-131d-4165-99b4-3a9a6c295164,9982695,48,13673,274318,penalty,2,3
6c10ba69-31a1-4bcb-bf01-ed3e51ef4cb9,9982695,72,15127,272039,normal,3,3
9a744534-18eb-431f-86c3-129f5961edc4,9982695,80,13673,348811,normal,3,4
f823660d-3bf4-4dd9-b182-157583146fa5,9982691,10,13687,276968,normal,0,1
5fbd11f4-bb5a-4e6e-a531-11110bfb834b,9982691,45,13687,73153,normal,0,2
4eb04b16-581e-4349-9b8c-37bc543334e2,9982691,49,13687,63497,normal,0,3
37fa9fa7-3616-4175-9457-ce3222e66a16,9982691,51,13687,62908,normal,0,4
d0869aa3-e977-415e-a377-40d562072d29,9982691,53,13687,63243,normal,0,5
5389f216-347d-44f4-b090-e0298ab51f94,9982691,70,13687,276800,normal,0,6
31aeaa0c-aeb4-4af6-8aac-2d4d695a2bb7,9982696,19,12803,75867,normal,1,0
df0faa95-e670-4828-a06e-c637cc3a632d,9982696,21,12803,63344,normal,2,0
ab23953d-e744-4a1b-bfaa-84431fd1007c,9982696,55,12803,74333,normal,3,0
24d74e53-9304-400b-9f68-27842c8c38f1,9982696,70,12803,63344,normal,4,0
a48eba43-a851-4b12-b494-3fa99c5d9418,9982696,75,12803,63302,normal,5,0
1d823252-68c9-493c-ba3e-501ba2eb177e,9982698,48,13261,275323,normal,0,1
961730d1-d4d7-4c92-834c-289e13755740,9982698,56,13261,73634,normal,0,2
0a3ca35f-48bd-47a4-a783-cb7a24e3fd18,9982698,59,13261,73634,normal,0,3
6703118c-c7f3-40a2-ac72-19845d9f7209,9982698,60,4563,271986,normal,1,3
8c3126c6-8083-42ed-b612-a3913d7d890f,9982698,71,4563,271986,normal,2,3
5088f48c-dfec-405a-ad71-2da5ccafc23a,9982697,12,12825,274464,normal,0,1
0a49f43a-e6ee-4ec4-9e8e-f4ab90d6dc50,9982697,39,12825,274809,normal,0,2
03cbd35c-b6d4-47bf-aa66-cd88a2bf7567,9982697,45,12647,271895,normal,1,2
078628a9-7e56-4646-9c46-567452046fa6,9982697,59,12825,275051,normal,1,3
0d67a903-4910-4af4-ba75-c94906b62588,9982697,63,12825,275051,normal,1,4
e819ad7a-f22b-44cf-8745-de0c5830bac5,9982694,7,12725,75451,normal,1,0
e843004c-9ae4-4081-ba42-09e4ddf1cb95,9982694,32,9582,73302,normal,1,1
5de2dffb-bc41-406f-b60a-ad0d21818a42,9982694,36,9582,72748,normal,1,2
3f30910a-a4a0-4711-88c8-c3ab1fc35ce0,9982700,7,13849,272631,normal,0,1
5613594f-8d8b-4535-8e63-7046ad16568d,9982700,46,13687,63099,penalty,1,1
7f30b52c-ec93-4c06-ad88-1cab7c806716,9982700,83,13849,274240,normal,1,2
c95a1c6c-64d8-45d9-a96b-7d85b405b060,9982706,10,4563,272031,normal,0,1
a28036d4-4af8-4261-984f-f8bc7152bcc8,9982706,75,4563,271986,normal,0,2
c4a1688f-3a23-45ca-bdcd-df9b4aba357c,9982702,20,14132,72718,normal,1,0
064c2000-417c-4410-b3c5-4fe8e9b9832f,9982702,67,14132,277884,normal,2,0
d9df99ae-e301-41f4-9b32-b95c30d4988a,9982703,23,9582,277935,normal,1,0
a7f0b043-cab9-45dc-bc35-a4c43fcc65d1,9982703,44,9582,337874,normal,2,0
f940d84f-8178-4d73-b0a3-8dc5c1d543fa,9982703,46,9582,77889,normal,3,0
c9c6aedc-5bb7-40ff-82f5-2a7163f09c29,9982703,72,9582,273375,normal,4,0
09dc28a3-81d9-44b5-84bc-cf343a686740,9982703,74,9582,77889,normal,5,0
d2832d63-a441-43ca-91e6-4f6e8e380253,9982701,6,12947,59148,normal,0,1
aba1b438-00bf-47e4-9023-21c801559532,9982701,34,12947,77753,normal,0,2
43a8c642-5b89-493b-9be6-75696682f67a,9982701,41,12947,22366830,normal,0,3
7f2e82e2-6da6-4133-9df2-1fdf9e643067,9982701,43,30056,77337,normal,1,3
d2156a42-1732-427a-867d-f71bca381dc2,9982701,55,30056,61777,normal,2,3
9b3ac201-b077-4c00-b920-1719f8474fa2,9982707,18,14815,271615,normal,1,0
cc4dd587-cd65-4d43-ac09-ff0c96b079a0,9982707,32,13261,291852,normal,1,1
603174f6-b1e9-4575-b466-7d6b33bf0b50,9982707,40,13261,73634,normal,1,2
3d415fa9-db61-485e-b1af-dd7eeaf54e20,9982707,56,14815,271615,normal,2,2
292bef1d-a007-4d2d-8f77-7025f04b957f,9982707,60,13261,275502,normal,2,3
a4f7e8a0-a2c1-439f-b6fc-0abbafbe033d,9982707,71,13261,73634,normal,2,4
f4577ef1-3d72-4ee0-9eed-8e917e23c580,9982704,38,12803,63139,penalty,0,1
5be05dac-7506-4e96-96b3-779145f9770d,9982704,42,12803,21912554,normal,0,2
effafcb9-b5cb-4450-9bd6-04cf4c08be1d,9982704,43,13673,348811,penalty,1,2
aeabaa64-7e9d-4b43-b727-2a368f1cb313,9982704,75,12803,74333,normal,1,3
da50fb89-0bc9-4aa1-a52e-495603ef7db0,9982704,76,13673,66338,normal,2,3
aba5ed82-d50a-4c7e-ac63-56e7c39fd576,9982699,30,12622,277859,normal,1,0
b5fd5692-f791-4f07-8a96-cbd899e986b8,9982709,12,12622,22304428,normal,0,1
7f298e30-be1a-49c8-b232-9d3960e3fb5a,9982709,23,12622,74024,normal,0,2
67907368-ef4a-4235-a677-300f44085a92,9982709,60,13849,273344,normal,1,2
78e31141-eb9e-499b-ad78-a6132e6392d1,9982716,16,13261,275323,normal,1,0
f15768a7-9175-4b87-82c0-7085c798afa0,9982716,46,12825,274464,normal,1,1
486120b5-b937-4cdc-aa39-56150bfb9718,9982713,75,9582,66328,normal,0,1
78cbf6f1-841b-4b1a-a92c-7ed0350293c4,9982710,1,13687,63099,normal,0,1
d29d11fa-dd00-4070-ba1d-96339771f941,9982710,32,13687,63099,normal,0,2
ce833ad5-9b3d-452c-86ef-71e9bb652fef,9982710,34,12947,275073,normal,1,2
989619ec-4056-4d76-928c-7aa4086c7bbc,9982710,44,13687,72813,normal,1,3
dc7558fc-43b2-4e46-81da-d2436723c05f,9982710,63,13687,73153,normal,1,4
50a1758c-6562-472e-b3a3-071da69667f9,9982710,68,13687,72813,normal,1,5
5406d642-25bb-469a-b946-18e1a4eefe07,9982710,73,13687,63053,normal,1,6
bcd391ca-2cd6-48c3-9f3a-c086d9464fb2,9982710,75,12947,78021,normal,2,6
3794877e-4290-48cc-a510-1b09ca094702,9982708,36,13927,277943,normal,0,1
e8807d49-76f7-46bc-bb19-323c5355a8f6,9982708,39,14815,271615,normal,1,1
b530cdd0-2ed8-416e-adb9-4bc4a8696568,9982708,57,14815,271615,normal,2,1
1d48625b-85b8-4652-80da-eddbdc83b29f,9982708,60,13927,22594169,normal,2,2
4cf1946a-8898-4c89-a0ec-0d767994ccfe,9982708,68,14815,74501,normal,3,2
d993d9da-ba3c-4779-84ab-ef4715c1d6f0,9982708,76,13927,274790,penalty,3,3
8621ef61-b396-4211-a74a-fa61a1dedaaf,9982712,39,14132,276218,normal,0,1
5b97b064-839d-47e9-b195-572a4341c7d5,9982712,65,14132,277884,normal,0,2
541b2c1f-69aa-411a-9df0-d6975dee0050,9982712,72,14132,277345,normal,0,3
35a10744-eb85-493e-aa55-3933ff2eee42,9982714,2,13673,66338,normal,0,1
b9be1420-46b4-4f54-a4b7-85b9df010bff,9982714,6,13673,273115,normal,0,2
7f46c107-3a70-4610-b2a2-bc1c5893089a,9982711,77,12725,275667,normal,1,0
869dfda9-6ef7-4b78-819f-0f8325ad8e0d,9982715,39,4563,60559,normal,1,0
98cc57c8-cbc4-4b8d-bf78-f3d2097c60ac,9982715,57,4563,60559,normal,2,0
54b982de-2605-4942-a978-9812825da52a,9982715,63,4563,274432,normal,3,0
2131a0ec-9ead-44ed-baab-a82bf6391323,9982715,64,4563,271873,normal,4,0
e2beb8a7-4ac3-4e0b-a016-f85ec42d67fb,9982715,73,4563,271873,normal,5,0
3ca4d77f-546d-403a-ae6e-ae973a1a40da,9982715,76,4563,314324,normal,6,0
fcde895c-e691-4db2-9d83-c266b2296947,9982718,60,12622,274324,normal,1,0
b8d42556-839b-44d9-b1c8-1b6883eac1fb,9982718,75,12622,23407623,normal,2,0
d184abde-813a-404a-a664-fdc1c304c58a,9982718,79,12622,23407623,normal,3,0
84352785-bbbb-4181-a059-5cac77a47254,9982717,44,13849,272631,normal,0,1
40471074-2454-420a-bbd8-48aa57d9409c,9982717,70,13927,22739776,normal,1,1
0c1ffb7c-8db0-4f54-8c43-6cdebbb090ca,9982717,78,13927,22739776,normal,2,1
cb45e011-7747-4654-99d9-322bf4234c43,9982719,45,13687,276940,own_goal,1,0
45667356-91a8-40c9-a198-489af5811ff0,9982719,70,13687,63099,normal,2,0
fe720fb2-4e10-471d-8341-a5792fc5edac,9982719,76,12725,61166,normal,2,1
f187f6d6-bdcd-4672-b496-3508c993a276,9982719,86,13687,63166,normal,3,1
696fd244-9456-4f68-a445-192adaf461be,9982722,47,9582,77889,normal,1,0
4dcc284d-3db9-4528-b3db-fb33e76fbaa7,9982722,52,9582,75044,normal,2,0
950e19d2-dde5-4f36-bf9b-f3b12816c523,9982722,72,9582,74743,normal,3,0
52f06833-914c-46d0-bd35-1505ce6f8941,9982722,75,9582,66910,own_goal,4,0
cde0b14b-91d1-44ed-b1cd-18f3faea15b1,9982725,3,14815,61123,normal,0,1
f1849945-8445-4dc6-bc35-b2a5a458019f,9982725,20,12825,22799133,normal,1,1
e2ea91fd-9f30-4b1c-938c-34295238fa89,9982725,33,14815,276443,normal,1,2
9e15c63f-76b0-440b-8d11-de54a67095fa,9982721,22,12803,63344,normal,0,1
e1f78733-ae22-4a22-9d27-24e767787aa5,9982721,77,12803,75867,penalty,0,2
1ae02f7b-c364-45dd-9ff0-4a93289b116d,9982720,41,30056,555684,normal,1,0
e503dcf5-65dc-4be9-bbfe-ea97ba9308e1,9982720,42,30056,73626,normal,2,0
4030b2f8-6fa7-46f7-8d2b-01c8bf3b0fb7,9982720,51,30056,73626,normal,3,0
dc97d478-2663-48af-bb07-6d8608a12209,9982724,15,13261,73634,normal,0,1
4a560460-7360-454c-90f0-fb63e2c629a7,9982724,24,13261,555706,normal,0,2
21cd10fd-97f6-45e7-844a-02530143a835,9982724,29,13261,555706,normal,0,3
38b5484e-844d-4d15-8e2f-20c706aa130c,9982724,36,13261,346968,normal,0,4
3a8a75d4-5467-4104-9c4c-593137f9ff57,9982724,46,12759,275260,normal,1,4
77706da6-76b7-43b1-939e-dec5f6278e1b,9982724,51,12759,274076,normal,2,4
7e37727a-e1ea-4d6c-bb0f-c81f742e4f4f,9982724,62,12759,66835,normal,3,4
274dea64-6f5d-4f54-afba-85106ad84531,9982724,75,12759,274076,normal,4,4
d1e34625-b919-446d-895c-f8dbec4bd1e1,9982724,82,13261,346941,normal,4,5
1b9c02e5-ce3b-46c2-a150-774bb6e463e7,9982723,11,13673,348811,normal,1,0
8ef7b12e-6c26-4c1b-83aa-25581d548859,9982723,52,4563,274432,normal,1,1
2523a7c6-5dfb-40c2-8c08-c8c91c621b6c,9982734,22,13849,73531,normal,1,0
c05e6727-b77f-4a8e-8a21-8bc9151a6c33,9982734,35,14815,271615,normal,1,1
d1bf08b1-8d7e-457e-8b32-a9b20e4ed3b8,9982731,8,13687,62193,normal,1,0
61fc71da-d2d3-4294-9c17-e41c32062663,9982731,13,15127,22475068,normal,1,1
b0de46d3-2b4b-4574-9d38-c7c043daa2df,9982731,15,13687,63099,penalty,2,1
8b8e9c04-a559-4007-a2ea-528555a8c25a,9982731,38,13687,63099,normal,3,1
c62e71f3-a08d-43c8-840c-f8d7822920ea,9982731,53,15127,60887,normal,3,2
c1e83408-0400-4606-98ba-5ddc1836fa0c,9982732,49,12622,77354,normal,1,0
6308d001-957e-4e14-b093-cb8e39e4dd89,9982732,50,12622,277859,normal,2,0
162ac5f3-54ae-4a1e-a5c7-4930f2e6031d,9982732,63,12725,74863,normal,2,1
238e8841-4820-4a59-a970-4115c56cb128,9982732,68,12622,274324,normal,3,1
9deb5a68-e89c-4434-97f9-9f0820e9e605,9982732,73,12622,275652,normal,4,1
a5280aad-5f8e-4d6c-8831-2b32ece48f67,9982729,46,12647,313646,normal,0,1
229b115c-2862-48da-8547-db3b13b70a97,9982729,81,12647,273108,normal,0,2
4ed56f08-70ec-42ca-aa07-d99a91de06d9,9982727,77,13673,273115,normal,1,0
4f5ce4d7-f4d4-415c-b99c-d09e19522bdb,9982726,10,12825,274809,normal,0,1
233a1ea5-43fc-4417-b514-46f47b2f75a0,9982726,13,12759,274076,normal,1,1
a2878130-5f9a-41d3-8613-a096a1c0a5aa,9982726,17,12825,75529,normal,1,2
b72f2e86-169a-4096-9852-3e9562eb163e,9982726,83,12825,274348,normal,1,3
3b14a396-5957-462f-8e56-4cedd045ce11,9982730,8,12803,74333,normal,0,1
357f6505-cba3-4fc6-a7e0-746aac36e97e,9982730,15,30056,73615,own_goal,1,1
27f72260-bc27-4749-900d-6c2fe4c0e8fa,9982730,27,12803,74333,normal,1,2
9a5d622a-cf7a-4ed6-90ae-df86d203f38d,9982730,36,30056,73626,normal,2,2
eb132d3b-705c-4a93-9196-844326cdd25c,9982730,78,30056,73814,penalty,3,2
f667820b-7b36-44c9-9af4-e39a3c5c2221,9982728,5,9582,72748,normal,1,0
791642d7-cdb1-4021-af80-1e214410862a,9982733,11,12947,275423,normal,0,1
b79e330b-a1bb-4ffd-9779-cdc17569fb23,9982733,55,13927,22648957,normal,1,1
c2f49fc3-7afb-4383-ab39-c7b2f14c85ad,9982733,72,12947,275073,normal,1,2
78cd7d19-b630-4c33-8960-32b9db32f5b7,9982735,28,12759,273363,penalty,0,1
2557833f-04f9-4d4a-ad75-c7e759be10e7,9982735,61,14815,315754,normal,1,1
7a09428a-1bd1-4533-99f0-aff4dd56215b,9982740,14,13687,63099,normal,0,1
3fe0ffe5-9cd5-4cd4-bc07-fd4c0782cd52,9982740,43,12803,62825,normal,1,1
0fb8357d-2a27-4de3-8226-da20951a7b02,9982740,47,13687,63099,penalty,1,2
d1028310-0224-437c-8c28-541efe497f59,9982740,50,12803,62825,normal,2,2
7fe28be7-a23d-436d-af4b-98b9fd49830a,9982740,70,13687,73153,normal,2,3
b30dcda7-0716-4fbb-94d6-3ffba4b9538d,9982743,2,12947,77753,normal,1,0
b9fd2caa-17c7-4432-8c99-271aa429f1f0,9982743,9,12947,59148,normal,2,0
54472356-241f-4318-9831-0332c61efc99,9982743,30,12947,271678,normal,3,0
0e001d21-f089-475d-970b-0b89b02982a6,9982743,79,13849,289127,normal,3,1
6571d271-a450-404d-a590-347c1ef07261,9982738,61,4563,61133,normal,1,0
6a7fb986-dc90-451c-8e28-881f5d3f9336,9982736,1,12825,273178,normal,1,0
00b4431e-5eae-405e-8222-a43636858659,9982736,2,13673,67101,normal,1,1
6aa95b31-ef43-45e1-a549-ab1bf661fbb6,9982736,53,12825,274809,normal,2,1
83a4be7c-3dac-4b56-bd13-7bcc7dd256e0,9982736,80,13673,315552,normal,2,2
841e19a1-c160-4dd9-9371-3ec76de8edb7,9982737,42,9582,73302,penalty,0,1
19a48438-e9a3-4948-ae66-5f091742186f,9982737,54,9582,75044,normal,0,2
fc78ade9-a3f2-4995-8188-b52c996baa10,9982737,59,13261,73634,normal,1,2
7d5ef974-0ba6-4dc3-beb8-4326345a5d13,9982737,60,9582,67407,normal,1,3
e0dfc970-3874-47e8-98e6-b94fc198b9d7,9982742,69,13927,276606,normal,0,1
4641bcd9-78f8-49d9-bab2-4473b7380d94,9982742,75,13927,22594169,normal,0,2
7539bcbf-39eb-486a-9f1a-f696f36c5096,9982741,13,12622,63233,penalty,0,1
11bf2628-bea3-4877-a7ea-7aa3a63e5ad1,9982741,14,12622,274324,normal,0,2
a57f92a4-a784-4486-89a4-97738da16879,9982741,76,12622,277859,normal,0,3
0fb6d3b6-2cfb-414c-b147-733dcd8c6d68,9982739,12,12647,76982,normal,1,0
5a174dfe-5172-44bd-9e4e-bae37c5ee2f3,9982739,28,12647,294464,normal,2,0
8068cd8f-bbc5-4f01-be49-97f0292b3003,9982739,56,30056,274882,normal,2,1
b8908ccf-6475-44f7-a120-4332319a72a2,9982739,60,30056,274882,normal,2,2
74d74ee6-3274-4811-a1ac-fdea2570843f,9982739,72,30056,385329,normal,2,3
6331cfa6-8066-44a2-b174-21fd2aa69586,9982739,79,30056,385329,normal,2,4
0553b062-42ba-4ea9-8cc8-edd107192561,9982749,23,12622,63213,own_goal,1,0
547f8687-416d-479d-9fd0-3b55acb0ebd8,9982749,36,12803,62825,normal,1,1
50d033e1-d02e-4baf-bbbb-5954a7119238,9982749,48,12622,61640,normal,2,1
a218fd8d-0efe-4d7a-b86d-ea3cb8ea26f0,9982749,75,12803,74333,normal,2,2
814f2194-6b57-4dc1-a36e-951bc7934453,9982749,75,12803,74333,normal,2,3
2f27fbd1-96e8-4afd-bc83-01b47e5d730e,9982749,77,12803,274544,normal,2,4
d3a433bc-cc6a-4120-b0f6-13dbec02a205,9982751,7,13849,273174,normal,1,0
f8859a54-17d4-4ed7-99fc-95ee148c6643,9982751,28,13849,289127,normal,2,0
40b8526e-f5fe-43d1-8fe6-71b4902d6af7,9982751,78,13849,272631,normal,3,0
e8d48470-7cc7-49a8-a21e-40e5ee9f754b,9982744,16,13673,276802,normal,1,0
b657e6c2-3119-47b5-a9d5-1e7c43b8c39f,9982744,53,13673,276802,normal,2,0
906a2909-39e5-44a8-99ea-ee4ac02d2f24,9982744,57,12759,274076,normal,2,1
18cc60a7-2698-4a35-b450-6e585ddf2ec9,9982744,64,13673,66338,normal,3,1
0ed404b5-5e6a-49a2-bd8a-cad7a1adf80f,9982745,19,9582,75044,normal,1,0
8b5732a5-06ea-4510-9c4e-b2caabc75736,9982745,23,12825,74823,penalty,1,1
74484c68-74c8-4caf-9192-2a0c9b4e10bf,9982745,28,9582,73302,normal,2,1
2c716746-ca88-4d47-8ed4-5c093246763a,9982745,35,9582,75044,normal,3,1
94001ffa-7969-4482-9931-b40a9ee7b604,9982745,44,9582,77889,normal,4,1
240e699b-51ca-40c2-bfec-ede41681f11a,9982745,61,9582,73302,normal,5,1
d6f33837-2521-4c0f-996c-8d5186f5d4a5,9982745,73,12825,74823,penalty,5,2
cd50f86a-a322-4542-a56b-d16de49e8ed4,9982750,30,13927,22739776,normal,1,0
28da822e-95be-4b8c-a4cb-2cfa989b0190,9982750,57,13927,274885,normal,2,0
9bc92e75-c3dc-40f3-aa45-69cac636cfaa,9982746,63,14132,272452,normal,1,0
447ba683-cc59-4af9-90b9-9e474e1e4340,9982747,20,4563,60559,normal,0,1
eb902f7b-99e2-4668-a20d-2d7d50711862,9982747,49,30056,61777,penalty,1,1
7d00aaca-df86-43b5-827f-399d3e6f3412,9982747,52,4563,277476,normal,1,2
06bc0fe3-855d-4c92-84d7-a235dbb47f74,9982747,81,4563,271986,normal,1,3
521f9a50-a8bc-4825-a441-e20285d60106,9982748,12,13687,63243,normal,1,0
59499925-9797-4df3-8b4f-c5bf644518c2,9982748,43,13687,73153,normal,2,0
e4f629a6-d850-4dc6-9816-b2599de7374d,9982748,72,12647,77620,normal,2,1
989c5f35-0003-4abf-b6f0-01a7b99ca6b4,9982760,14,13849,275075,normal,0,1
1f193932-ca1e-452d-a747-4ab0ab12ad79,9982760,19,13849,275428,normal,0,2
23073362-9b84-431b-a139-a288b956c30e,9982760,22,15127,276350,normal,1,2
4bd7dced-d21d-4228-8787-d4d2bcf45ef8,9982760,52,13849,274010,normal,1,3
425c5a77-4e63-4ee1-9ec2-82fc2a5fdfdb,9982760,53,13849,273344,normal,1,4
9a8ef64f-313c-419d-9cc3-5d01cb60f953,9982760,64,13849,371572,own_goal,1,5
319af13f-49c1-4ae3-a066-f95a59d829f5,9982760,75,13849,273344,normal,1,6
72b44573-bc49-47f7-bef5-ff890b4e1546,9982754,13,9582,73302,normal,0,1
cada55c1-986c-4710-ad71-0ea390ea074b,9982754,32,9582,337874,normal,0,2
9f7e63ab-62e1-4851-9f21-4aba24465965,9982754,38,9582,276133,normal,0,3
31979059-f955-43bc-9194-0216f6414f70,9982754,43,9582,77889,normal,0,4
ad8f1b7e-ea7f-4e08-9afb-b723c88bd19f,9982754,50,9582,77889,normal,0,5
fdd04437-1d57-4259-b61e-9a3f30802755,9982754,51,9582,337874,normal,0,6
8c01dcf4-12a4-4384-b453-96e575bf8984,9982759,17,12803,21912554,normal,1,0
330f35e1-effc-4405-9d77-1214d2843239,9982759,25,12803,74333,normal,2,0
c95cb5ca-26ad-4ca3-b8a6-7147b41063ad,9982759,27,13927,22739776,normal,2,1
7aff7860-dc49-44f3-9bcf-95fbd644310e,9982759,34,12803,74333,normal,3,1
88a87bc8-6d06-4865-81b9-f66f62c64937,9982759,46,12803,62825,normal,4,1
ed231591-301a-4a0c-af46-2039a11ce5db,9982757,11,13687,63099,normal,0,1
6311f8b3-1ae6-4ef8-904f-123c52a4e118,9982757,20,4563,61133,normal,1,1
5127f4f0-53c5-4e9b-8396-d3cb2309e14c,9982757,49,13687,21960852,normal,1,2
5405c71e-c4a7-4d4b-bf91-d1e2db7e54e3,9982757,69,4563,271986,normal,2,2
d091ac97-1bb7-4f5e-aa1c-10d098aa4520,9982758,7,12647,271895,normal,1,0
a635db96-0006-46c0-8bff-41f9b2756df4,9982761,61,12947,275073,normal,0,1
ad3a5558-c868-4e59-b64a-c46145b9aa46,9982761,80,12947,275423,normal,0,2
d161f1b8-0650-41a8-9154-aedeb16ca3bb,9982755,22,12825,274348,normal,1,0
3c4acbdf-96ce-4d28-abb3-4481132788f9,9982755,40,14132,276218,normal,1,1
5006dc53-cbb6-4bb6-ba94-f6b5597ed1b7,9982755,43,14132,72718,normal,1,2
b191cea7-2034-41eb-be9e-8c4aae80b93b,9982755,71,14132,77731,normal,1,3
25f04c64-ef66-4dae-8245-c9113b9dccd2,9982755,78,14132,370597,normal,1,4
261fe785-974c-4259-bbbe-cba599a92046,9982756,1,13261,346941,normal,1,0
86ea9fa1-0e23-484b-a1e6-7f854dde1cee,9982756,10,30056,77337,normal,1,1
3f7b0e42-9c64-4609-972c-e0ba2cda507b,9982756,37,13261,346968,normal,2,1
fc84718c-7f8e-4e84-8109-6da7ab0219ac,9982756,68,30056,73814,normal,2,2
61bbd889-9e9b-4f7e-ac02-808b6fc40fe9,9982756,79,30056,73626,normal,2,3
f69fa0ad-ffae-422e-ab05-bbdc329a25d3,9982753,13,14815,271615,normal,1,0
44c8bc40-4fdc-42b9-bc53-60da33ec7f78,9982753,34,13673,274534,normal,1,1
86f74a9f-9877-4c0c-b7c4-572dc4092354,9982753,35,14815,276318,normal,2,1
54395b0c-0350-4b57-80fc-f04fc225dea6,9982753,65,13673,67101,normal,2,2
a4b7aaeb-6171-4b96-ba28-e9d0404c69c2,9982768,29,13849,273044,penalty,1,0
65057b05-7b0a-4253-9a71-09a401dc3376,9982768,35,12803,21912554,normal,1,1
e44927fc-ec05-46b9-ba37-c8eaf0f542f8,9982768,59,13849,273174,normal,2,1
d9b5052f-2159-4d8c-bd0b-44713672b92f,9982768,66,13849,274290,normal,3,1
1b4384fb-9426-4b11-857e-418a5e5103e1,9982766,39,12622,316446,normal,1,0
9039fe73-60f8-43ce-bfff-6387edbcaf2f,9982766,47,4563,60559,normal,1,1
aa6bcc18-cf26-4808-b7a7-586b3e2e789b,9982766,69,4563,277476,normal,1,2
a6fe205a-8ae9-4a8c-bfb0-1d9e463adc94,9982766,77,4563,277476,normal,1,3
e5b71139-467c-44c3-8212-705b0011851b,9982770,15,14815,276921,normal,0,1
eb1d663e-1613-45da-abef-a1c459176a16,9982770,27,14815,77519,normal,0,2
2ca794c2-ca6a-4e02-908d-d1e20b40f22c,9982770,31,14815,77519,normal,0,3
8ad20a7b-8a63-41e8-9562-c18f223b73fb,9982770,55,14815,276921,normal,0,4
29bc6fd8-395f-4c19-adfc-a5d1e9188674,9982770,79,12725,276654,normal,1,4
2135edab-d697-4d5b-b1af-63b6df62cb36,9982770,85,12725,271576,normal,2,4
ef1f9fbe-d40b-456f-9900-bf20e6165ef6,9982763,16,12759,274076,normal,0,1
4e1f4814-d037-4144-8cc9-70a06aa14b57,9982763,35,12759,274076,normal,0,2
638169db-ca6b-4326-951a-c75040fa6378,9982763,45,12759,274076,normal,0,3
beeedc90-8d83-46d9-bde7-2591d2e10810,9982763,56,14132,72718,normal,1,3
8a95d32f-599b-4e3e-acc5-ada4fff6b3f0,9982763,79,14132,272447,normal,2,3
cfda1e0f-aa5c-4678-9147-853f18708102,9982767,23,13927,273126,normal,1,0
53cda6f2-b32b-4d96-a187-fe3544616032,9982767,85,13927,276340,normal,2,0
3c6015c4-886e-4318-9439-217b03c872d1,9982762,24,13673,276802,normal,0,1
0db0d618-b674-45e5-b505-07f1674229f5,9982762,57,9582,74197,penalty,1,1
8bf6d968-80bc-48b9-bd9f-e3cd09033188,9982762,68,13673,348811,normal,1,2
2e509f32-40ca-4024-b472-13db6f36ea70,9982769,1,12947,74668,normal,1,0
8586c519-b8b3-4033-b403-0dab4f31b7cf,9982769,3,12947,275073,normal,2,0
91173b69-3b2a-4493-a74f-2c323a3cbbe0,9982769,16,12947,275423,normal,3,0
bbf1721c-a002-4766-9584-a238796e536b,9982769,26,12947,275423,normal,4,0
2ccfa119-d1b6-42f8-942b-2a8c1475190f,9982769,29,12947,73670,normal,5,0
f0fc3333-af23-48d6-9f5b-1cf770fb7445,9982769,36,12947,74668,normal,6,0
f09e8ce1-9b0f-42f7-a3c5-75abb810c7a5,9982769,39,12947,74668,normal,7,0
442fc9ed-83ce-451b-8989-72574c260610,9982769,41,12947,22366830,normal,8,0
3298be27-5e16-4ba2-b3f4-446ef45149f6,9982769,46,15127,21748684,normal,8,1
1b79be3b-15c7-46da-bbbc-f215e7c99ebc,9982769,49,12947,275073,normal,9,1
b2b11016-7aa9-45f7-b0ec-3bce36fe9692,9982769,58,12947,271510,normal,10,1
e5079f26-5006-47df-9e98-637ab237cbb9,9982769,59,12947,275073,normal,11,1
bafc8270-bdc7-4e7f-8b6a-963cc917adbe,9982769,71,12947,275073,normal,12,1
af5b7f5d-7cc0-4dde-82ce-62f998fdbb5b,9982769,73,12947,76676,normal,13,1
d76c8f95-9cae-4871-a13f-2618abc310f8,9982769,77,12947,59148,normal,14,1
9c63fa5b-4031-4710-884c-9a551267d443,9982764,44,12825,74823,normal,0,1
a7630161-7a74-47a9-a96a-f20a045dbe67,9982764,55,12825,274809,normal,0,2
9689754b-a47d-43a5-9768-f4b8dca63e7d,9982764,58,30056,385329,normal,1,2
1d609a9f-159c-4be0-bcc0-7642f2fb9a2e,9982765,39,13687,276800,normal,1,0
ac5e9340-8436-4eed-b458-17343a3d7820,9982765,59,13687,276800,normal,2,0
0b267e94-acba-4067-b9a9-8bf44edfdbdc,9982772,69,13673,315559,normal,1,0
2152cff8-1e04-41ad-99fe-f4889a26bf5e,9982772,70,14132,62024,normal,1,1
1e4b41f1-1194-4693-b078-6526b09ade47,9982772,76,13673,348233,normal,2,1
1397dcf7-d219-40f8-a929-f453fb372bb7,9982776,3,4563,61133,normal,1,0
db9fe265-ad90-4142-905f-de488a97a8ce,9982776,14,4563,60559,normal,2,0
ed85be47-27f7-4a32-9938-0f9481d494ad,9982776,22,4563,276714,normal,3,0
6370d6e9-1f03-457f-aa6c-2a96b3010a07,9982777,23,13849,272631,normal,0,1
bda674d4-e056-4666-8519-93de9f3039d2,9982777,42,12647,314209,normal,1,1
702b5cfc-391f-4ee3-a1f5-82cc172eb953,9982777,65,13849,272631,normal,1,2
2e4f2464-302c-429f-bd04-7081be5142c9,9982778,16,12803,274544,normal,1,0
ab3fb96a-8f10-4884-a50d-f18950f7bc18,9982778,18,12947,22366830,normal,1,1
a0e57143-db46-4e5a-958f-e9ff282231ff,9982778,29,12803,274544,normal,2,1
bfd2f044-b9c7-4c8e-bdc3-ca65bb5ddbcc,9982778,40,12947,22366830,normal,2,2
39e14836-29d3-409b-8748-676f2b9852a1,9982771,6,9582,72748,normal,0,1
c285d178-4994-4148-9102-10885b9cff07,9982771,35,9582,77889,normal,0,2
dfc8eb9c-08a7-4c43-9a30-4ea4b96e0dea,9982771,58,9582,77889,normal,0,3
a612892d-be14-4a27-a315-aab0696acb52,9982775,3,13261,60567,normal,1,0
4107995c-7f4f-468f-b1b9-b9586d8c9bf4,9982775,7,12622,23407623,penalty,1,1
1c9c6e54-14cb-4d09-bf22-5bb13b6228a8,9982775,23,13261,555706,penalty,2,1
5c4a5d8b-26cf-4a2d-a2e0-b3508f471745,9982775,65,12622,385434,own_goal,2,2
d11a16bf-ca20-48a8-8c5f-2448d60212fa,9982775,76,12622,293258,normal,2,3
23afea38-ca6d-4368-90dc-52588b2e6d40,9982775,81,12622,316446,normal,2,4
4cd0910f-f3c8-4be4-90ec-a55272fd8726,9982774,52,13687,63243,normal,0,1
c22d8f54-dbc1-457e-82ff-90ae31c5339e,9982774,62,12825,274348,normal,1,1
7476acda-bc34-46bb-abe4-02d60f3608be,9982774,78,13687,63053,normal,1,2
e3d950ad-f14b-452e-b257-68ac710933db,9982774,79,13687,63497,normal,1,3
d5f9ae2a-aa0c-4a54-b4c4-47caeacdb92a,9982779,76,12725,61166,normal,0,1
90d9cd86-25d9-4b23-b83d-0835babc6e5b,9982779,78,12725,271576,normal,0,2
6b26bbb8-606b-4948-b164-a79be1c349ff,9982779,82,12725,271576,normal,0,3
dbe2d94d-6f14-4f18-aca9-7143024e6d03,9982773,19,12759,274076,normal,1,0
8629b1dd-9642-48d9-aced-7cc7fa99832e,9982773,28,12759,274076,normal,2,0
7257948d-3ec9-439c-871a-4134af4a0c23,9982773,32,30056,555684,normal,2,1
ed7445c0-011e-4cf7-879d-74c077b2c158,9982773,38,30056,385329,penalty,2,2
56988231-ebf1-4192-a8f3-a54a821158fa,9982773,44,30056,555684,normal,2,3
c06debe9-42f9-492a-a3ba-e29143553c15,9982773,54,12759,276934,normal,3,3
b9c58772-51db-4270-ad59-4531801a2d28,9982773,77,30056,77337,normal,3,4
79c6b8fb-184e-4c71-a592-5a179f3385ff,9982773,79,12759,276934,normal,4,4
