card_id,match_id,minute,player_id,team_id,card_type
546ba57e-7293-479d-a60a-d65dc1d72218,9982579,27,76275,12725,yellow
0ef62fdc-dd6f-41e4-a161-496c8c51508e,9982579,68,276940,12725,yellow
b57aeba0-d7f0-4838-9296-8f602900a38c,9982579,79,75451,12725,yellow
f9ea4370-c36a-44db-9333-0a7a992df1fe,9982579,72,293258,12622,yellow
041a9837-0eb2-40d6-a2d0-071139c06b0d,9982580,22,275423,12947,yellow
6a62373b-ac2b-4881-8e42-e0c1bdeec606,9982580,38,275755,12947,yellow
5cbc6bda-a4af-4dd7-a46e-51d79881dc8d,9982580,68,73192,12947,yellow
8796030b-3dfe-48b3-9b02-05ff4e074ff4,9982580,76,74668,12947,yellow
8436455a-3a9e-49c4-ae6e-09b3d0ff32b2,9982580,999,,12947,red
8ef4ade6-6302-41b9-8e6d-041a02ab6e34,9982580,999,23441843,12947,red
160a9be8-51be-4aac-a15e-d1197f5435c1,9982580,14,274790,13927,yellow
421b3022-25ea-414d-a221-0bcab0338e74,9982580,72,273366,13927,yellow
b0a20aff-3965-42a9-900f-acc448a98399,9982577,61,73772,30056,yellow
e6fd5e67-0db2-4779-aff1-c9e6fd445189,9982581,8,77519,14815,yellow
daa29914-b01b-48ef-9c8e-d2cec770d5c7,9982581,10,74501,14815,yellow
2b62d16c-f5ae-458b-87b3-8cb6c3f21488,9982581,60,75354,13849,yellow
a9ae00c3-9572-4927-b580-7a14f6783d3e,9982581,63,274240,13849,yellow
b91882a5-eec7-491d-bf65-e83974514bf6,9982575,62,,4563,yellow
27372792-756f-429c-a035-dfa23045971c,9982575,76,393191,4563,yellow
117b7bb1-6ded-4329-bfae-1774d2eee865,9982576,33,76982,12647,yellow
fe4fec51-d51b-415e-a039-c309af0fab4d,9982576,71,273108,12647,yellow
a296cf69-b745-42d7-8ac7-e81d634ab306,9982574,37,73634,13261,yellow
ef40b96f-41a1-4cdc-b606-c0755c1a7195,9982574,79,,13261,red
5767d1ab-4f11-4e07-b6e7-9925ebf61a77,9982574,21,275254,13673,yellow
387bdeb5-39e6-4962-b900-44d51ed6c4a8,9982578,34,273452,15127,yellow
2843a504-b46a-4d2e-bde7-f5f828c2c43b,9982578,60,291822,15127,yellow
60b20a46-6dec-4d3b-b977-7040f7e5d2d2,9982578,65,274122,15127,yellow
a762f967-1365-4242-807b-644e0b40ab05,9982578,79,272039,15127,red
239baffc-f1b6-474b-8d9f-4f6d2a1f0dca,9982578,60,62193,13687,yellow
d79160ea-f862-47d1-9151-f9c4e5908671,9982590,10,78021,12947,yellow
895cac20-a63d-49da-bd47-f24a36f36c8a,9982583,36,274249,13673,yellow
64309f88-5312-4438-8e33-6e20802d3b9f,9982583,78,67101,13673,yellow
d63db7bb-7510-4b70-916b-31ba85ba617f,9982588,66,276350,15127,yellow
23e304fc-a28a-438a-98d1-01a37c253754,9982585,79,,14132,yellow
fb77207d-3457-42c6-83ed-edcfd9ad490d,9982585,24,276714,4563,yellow
c6407147-3c3f-427a-8885-64dbfc7d65ae,9982585,55,312793,4563,yellow
6fadad31-1d0c-49eb-b868-e619adc98386,9982585,66,73446,4563,yellow
88c83bb2-b7ec-472f-9143-12eb6ceeae04,9982585,78,277449,4563,yellow
83bbbec9-149b-49bf-909e-c640f32a2d2d,9982589,39,275074,13927,yellow
c9b4d6d6-f881-4097-977b-242be85a7676,9982589,65,22059100,13927,yellow
6d414638-76b7-471c-8b7f-00299aa8121d,9982589,8,276940,12725,yellow
6cd75b1f-bf7c-489a-81af-91ae7ca535c9,9982589,52,275713,12725,yellow
c249bb1b-9969-42e3-8173-5308e9a936c4,9982586,20,72653,12647,yellow
f3d949cc-09a9-4907-858d-4cdfe10a46a3,9982586,73,314209,12647,yellow
cfb03d0b-dad8-4eee-aa9a-5797cb037332,9982586,79,77620,12647,yellow
551bc369-f086-4a0c-974c-0b4d3f7c7b9a,9982587,70,73153,13687,yellow
face4999-56fc-4a5f-818b-73d96ab5d22d,9982587,70,276800,13687,yellow
fc676d6d-1fbd-4c5d-9497-bba123681a0c,9982587,75,63099,13687,red
38df3c41-c1aa-4bca-9458-2a8985088bf5,9982587,51,77458,12803,yellow
93790d1e-e48f-4e23-a9ee-0a5459eb2a56,9982587,69,74333,12803,yellow
0718ad8f-f40f-4ecf-9345-cb84672a898c,9982587,76,277884,12803,yellow
72e04d6e-41c5-4d39-ad9e-9ff5bc73490a,9982587,82,63213,12803,yellow
39bb4c21-ec57-490a-82a7-6866322eccb8,9982582,40,1955565,12759,yellow
f4768d00-3296-4dde-a1c3-bb41c4308258,9982582,41,77197,12759,yellow
e00f55e2-9afd-4b85-883e-ea38fafe1a37,9982582,75,77459,12759,yellow
2b037fb4-4505-424b-8a83-bd9986bff91f,9982582,25,77519,14815,yellow
88b2fbba-eea4-4f9b-be98-f9c52949a3cf,9982582,36,276318,14815,yellow
ad181f38-c71f-4792-87d5-0eb4dc12af9b,9982582,40,275177,14815,yellow
c5ad6b86-96c2-4ecb-b6bc-fab73aba1544,9982582,47,275240,14815,yellow
239022cc-5ba5-4cda-8a61-3dfada382487,9982582,61,276775,14815,yellow
c7c70335-41a1-4969-966d-0b986d8b3dd1,9982596,28,21912554,12803,yellow
028dd2ad-0126-4ec2-8e21-15c773ca7481,9982594,30,277476,4563,yellow
f68d28cd-f090-498e-8671-0d723d2d9e65,9982594,49,277476,4563,yellow
83d172e0-53f6-4488-9226-b6e8edc354f6,9982599,2,275755,12947,yellow
83348e84-8242-4aa9-b0bf-e74d870d8b39,9982599,13,277830,12947,yellow
ec9f2a5a-a758-464c-a1cf-0b3b0a7f3d08,9982599,20,275755,12947,yellow
69909210-1e7b-47f1-a0f4-7245451d6b48,9982593,44,555706,13261,yellow
08fdeb5f-77f2-41f6-a319-723e9bc8d9fe,9982593,69,555706,13261,yellow
45f9501a-146d-4e43-bad4-7d41e8c8cb96,9982593,80,72718,14132,yellow
a736a443-647a-4a2d-aa97-e76d4a1770ca,9982592,60,274556,12825,yellow
e2a50131-a3e8-4941-b00e-091b8beaec51,9982592,75,274372,12825,yellow
eccaa0df-857d-4fc8-9e47-e604c1751ab9,9982592,2,67407,9582,yellow
8716959a-769d-4ed4-a726-bfd50f856f8b,9982592,54,276133,9582,yellow
b7433bfe-e52e-4c2c-8742-01112d94083f,9982592,61,277935,9582,yellow
1d54a565-cd66-446f-b405-fee16675ac6f,9982592,77,74197,9582,yellow
145d26c6-9c5f-4d35-895e-e8b5edf4190c,9982591,19,66835,12759,yellow
ea441c07-a967-4f47-87ea-8b9168fa723b,9982591,41,275260,12759,yellow
c2482d92-9f87-4980-8d96-b230fa2c6d5f,9982591,48,23055315,12759,yellow
2dda48b7-b0f0-4396-8ba5-be7969182678,9982591,56,77360,12759,yellow
74afe188-b0fa-4905-a878-44f2652db902,9982591,60,273363,12759,yellow
59309c8c-0ec9-46dd-952c-01d25f1a1c8c,9982591,70,276934,12759,yellow
42376763-8b80-46e8-9113-2363ffc017ae,9982591,75,276934,12759,yellow
8d15c523-26e5-47b3-b1bc-e35e17eb0ade,9982598,12,76275,12725,yellow
281db9be-9d93-410a-a798-7bbd8649b26c,9982598,47,75451,12725,yellow
46b81335-29c7-4101-af53-9dffb3882bf1,9982598,14,273174,13849,yellow
4471ecef-4752-4e1c-9276-826bd317deaf,9982598,47,73531,13849,yellow
c26d5ccd-c230-43fd-809f-69019ba54fb7,9982597,53,,15127,yellow
bd6f4432-3978-405f-87ce-485696bd6aee,9982597,75,291822,15127,yellow
ec24845d-607d-43af-95a6-360fba02d834,9982597,71,277943,13927,yellow
40694205-8f93-483d-a4cb-c17c249a97d4,9982597,76,,13927,yellow
44d29326-a30d-4071-bc6f-705aab8cc528,9982595,70,66910,12647,yellow
d0573962-56bb-4e8b-a838-841c7bc82aee,9982595,35,292713,13687,yellow
6a4b1b4f-13d2-4efc-ab84-24c563726dc9,9982606,45,9376,13927,yellow
d1ffe9f5-f4c7-4e21-8dfd-28c1475cb138,9982606,80,22739776,13927,yellow
be19e172-8114-416b-bc15-7d0c21f9053b,9982606,51,63139,12803,yellow
63f19254-fe19-44b1-a129-959bc3145e52,9982606,62,63139,12803,yellow
80f6bcc0-acb8-49f6-99a2-4f544d34cddb,9982607,74,274122,15127,yellow
55c7c69a-dac0-48f6-a798-049fcc185ab6,9982605,69,313326,12622,yellow
359703f2-1250-4350-b9a8-dc4e4da5ba63,9982605,77,22304428,12622,yellow
1d4d1057-b243-4da9-add5-dd9976734b24,9982605,55,77620,12647,yellow
105b6426-cbd1-47db-bfd6-bea479251dcb,9982608,31,76330,12947,yellow
86e17261-bc51-4be7-84b1-d504421d7ee9,9982608,56,275423,12947,yellow
1a685938-ed18-4a3a-9ecd-f5706debac03,9982608,60,74668,12947,yellow
3dbd1daa-2da7-4f54-a9c9-66b5bb724258,9982600,39,274318,13673,yellow
dc6fee8a-56b5-45f3-9c35-51136a91a5dc,9982600,78,273238,13673,yellow
d7845bd4-7c2e-4112-84a5-cf9e5b61e467,9982603,57,73814,30056,yellow
55254f3a-72a6-4550-ae3e-f795df7e46ea,9982603,72,272136,30056,yellow
541fe06e-771a-4114-aff0-49729c22035e,9982602,30,272452,14132,yellow
41c7c63a-98c1-4279-8ffd-ea076c76ef93,9982602,35,,14132,yellow
48edeacb-7280-4fd8-9a4f-af7420d29502,9982602,74,272581,14132,yellow
9f33a849-e7c5-4f1c-92e7-0958c23fbf19,9982602,76,62024,14132,yellow
16e2a2fc-8fad-4101-8667-1f695c5b4ce7,9982602,78,276674,14132,yellow
c66e9257-e340-48c6-a4b8-b85c35fa5a8b,9982602,78,22611464,14132,yellow
092a0f1f-f501-4c57-be01-44d8951b1c1e,9982601,64,77459,12759,yellow
56666d03-e74b-45ce-9bc5-0ef18fe561a1,9982604,29,21960852,13687,yellow
85c5ba41-a669-40a9-ae03-2bb94dbe39e0,9982604,57,62908,13687,yellow
edb885db-8433-4d33-9692-9a37b4895cd1,9982604,31,276714,4563,yellow
32020896-b674-4ab6-88ee-75e9bbf7eb9e,9982604,35,60559,4563,yellow
b1e13f2b-db67-40c5-9b8e-cfda34622f82,9982604,51,273953,4563,yellow
3e182a87-50e1-47e4-bcdf-2a6c0a92dcf8,9982615,53,63449,12803,yellow
840ca19a-717b-4977-bf7f-eb78edddde19,9982615,78,63213,12803,red
924431a9-58c7-4a9b-a7b9-090b65470af0,9982615,83,63344,12803,yellow
10d24052-3f0d-4372-8f52-4f2060a10250,9982613,17,273953,4563,yellow
d3e1d328-70c5-4574-b130-666f9674f185,9982613,48,73356,4563,yellow
f4838ec2-29de-4dd3-9878-f7aff90d3e21,9982613,70,61133,4563,yellow
7c766b0c-d3dd-421b-acc3-87166ff2e2b0,9982613,75,60471,4563,yellow
1a0dfd10-cf8b-4abd-8450-8dfd28312f3b,9982613,4,74024,12622,yellow
f1eab65b-0798-4fe7-a6d2-7c1199fb8995,9982613,54,74024,12622,yellow
b241bcc4-007c-4add-b1e7-00c834956654,9982613,54,293258,12622,yellow
04b5f15f-c7d0-4f0e-a7df-4524bb39a669,9982613,60,22304428,12622,yellow
f588ce2f-e066-45e1-bacd-4c7ad2814479,9982613,61,313326,12622,yellow
58e2f788-138d-4276-bab0-718c2a768e11,9982613,62,293258,12622,yellow
d0d0e495-4fe4-41d0-83f8-806f15a4198b,9982611,55,274556,12825,yellow
6542063f-0c05-4aab-bb19-592b32caec60,9982611,76,273346,12825,yellow
6099b370-4343-4011-8c6b-a7a86ae1a3ae,9982616,79,21748684,15127,yellow
d66c3142-587d-41f6-af3d-2493ea750b47,9982616,35,74668,12947,yellow
dfd1fdd1-6015-4ad4-bbd6-7ca24ee063d5,9982617,83,75451,12725,yellow
5938e9b7-2e0d-49ba-8201-1e9a4d3a9bbd,9982610,3,77459,12759,yellow
15e48da3-8522-4f9e-b3d1-43562115e6a2,9982610,63,23055315,12759,yellow
c10356af-0c42-4d57-814e-4ab39a17f5d0,9982610,43,22611464,14132,yellow
dfee8130-4cc5-4169-beac-86f2ca81c2c0,9982610,70,271476,14132,yellow
bc2598ce-0494-472a-ba7b-ae767838d381,9982609,18,67101,13673,yellow
ff914bde-ba2d-4496-992b-d490087d47ee,9982609,44,,13673,yellow
785760b8-4773-499a-b6b1-10ed9cac6f0f,9982609,63,315552,13673,yellow
ddb4a02c-d9c7-48bb-bcc8-83a35047519c,9982609,74,,13673,yellow
bb752e3c-bc20-4670-bd6b-b44b9e1673f6,9982609,74,,13673,yellow
81e8a7fc-262a-40d9-9370-3d21d4f1e23f,9982609,36,77889,9582,yellow
4790107c-7f1e-44e0-8d94-b3aa8981fc25,9982609,80,77312,9582,yellow
fd91be12-36ed-4e2d-8358-370e9afb67d3,9982609,80,276285,9582,yellow
1e796181-cc1e-418d-acea-d336cb8c74cb,9982614,33,271895,12647,yellow
aa0b2e41-1055-4bdf-bcdf-261d832a936e,9982614,48,9376,13927,yellow
31d47f2e-b482-4a72-a1f5-4d5fbf1bd701,9982614,61,,13927,yellow
514b8464-3c2e-44a2-90ba-3905a298d9b3,9982614,77,22739776,13927,yellow
46da0f5a-80f5-4de6-99a9-ce58e71e99f4,9982614,79,275258,13927,yellow
52a1d3b2-87e1-4c4d-a961-307ffba33972,9982624,45,274290,13849,yellow
dc874192-0be6-458e-9fa6-03a17647d654,9982624,18,76982,12647,yellow
828e0feb-bb7d-4426-bd90-078104676e06,9982624,45,274419,12647,yellow
64e4bcdc-876e-4173-b2c0-56b950453aab,9982624,64,314209,12647,yellow
2a2ecf61-2559-4778-ac25-aaae2bda975e,9982625,15,76676,12947,yellow
ac3e7154-d567-4b31-865e-3937e9cc39c1,9982625,65,78021,12947,yellow
68fddd4c-98b5-422c-ac2a-2d1dbc8a13a6,9982625,70,275423,12947,yellow
767ec6b2-ca00-4520-8e55-b208dac4ee59,9982625,75,271485,12947,yellow
ee8d373c-76cc-401e-899c-19299a76abf8,9982625,83,275755,12947,yellow
fe7a27c6-57f8-486c-a546-42df5e8e0262,9982625,48,63139,12803,yellow
c9362c35-d662-4711-9cf2-ecfba7f7163f,9982623,17,273126,13927,yellow
4c527cf5-ea58-490a-86dc-f93959cd2afd,9982623,18,,13927,yellow
d5ed56c5-db1b-4744-811a-ef39e6bfddb3,9982623,38,,13927,yellow
fa138dd1-51b4-4516-9b5e-df9be5e078f8,9982623,50,274790,13927,yellow
f725a451-5140-4f87-8b82-9b7c2eb97915,9982623,61,273366,13927,yellow
8f48566c-3bcc-4aaf-b280-e4342f9234b3,9982623,67,22739776,13927,yellow
f583d1de-b6b7-4774-99ef-7feecd84599e,9982623,28,60471,4563,yellow
ab58fb3c-74b8-46c6-a03e-a454a56c1e2b,9982623,32,276714,4563,yellow
0cfbbf78-11c6-4805-9ca8-096b159366ec,9982623,34,277476,4563,yellow
b5e5eb5a-b527-4f6f-9dfa-ee0ac36d0307,9982621,44,21912875,13687,yellow
53589854-a60b-43a0-abd3-4ab2540aef81,9982621,74,,12825,yellow
88f873f4-30de-4eea-885d-8ec266e6cfe1,9982619,10,276137,14132,yellow
9533de09-598b-4c86-b82d-73b1edaeb096,9982619,48,272452,14132,yellow
4833d6b9-2f94-41b0-9915-1ec518745d33,9982619,64,276674,14132,yellow
84084c07-6904-4ec3-86b7-ce93de9c3b25,9982619,58,66338,13673,yellow
bf2cf0d2-db85-483f-8e76-9f5698b95ff4,9982618,61,77312,9582,yellow
0e365dba-70f9-4eeb-aa2c-d7166013677d,9982618,9,,14815,yellow
aa27c68a-a880-47f2-a0c9-218155881330,9982626,81,371572,15127,yellow
e7a3937b-18d4-4dbe-afd7-2f8f3146acc1,9982628,70,275254,13673,yellow
3ebba92e-b9e7-40a9-96b3-205cc1cfb835,9982628,71,273238,13673,yellow
24c9a8c9-5f28-4661-bd52-e27fbeeee88e,9982628,71,273264,13673,yellow
a0516933-e654-4e89-8b3d-9dc52d1d56ae,9982628,86,273238,13673,yellow
17ba74ed-7971-495c-bb73-3e0347cedded,9982628,86,274318,13673,yellow
a87584cb-9e92-4707-aae7-533b8712086e,9982628,86,275254,13673,red
15588056-3961-4041-a757-56ac66876caa,9982628,10,61777,30056,yellow
ca628f64-ee4d-41e5-b8fa-4c049ec06d65,9982628,58,73772,30056,yellow
583496c0-1619-42c3-a3c2-9cfb586b8357,9982628,68,73626,30056,yellow
eb3fd3d1-5b3c-4820-a0c0-a176b7552ef7,9982634,57,77283,12803,yellow
42761e1f-33ef-4d64-b263-d146f70efc8b,9982634,78,273460,12803,red
51d82415-20df-4553-837b-22807e34ca68,9982634,80,276226,12803,yellow
2225d5eb-8689-4dbe-8750-14448e26d630,9982634,83,276940,12725,yellow
45d35116-0300-4b08-9d12-1731a8adfd4b,9982629,45,275417,12759,yellow
546e5f6d-7416-4bd6-ba0b-f2548dac9f15,9982629,70,72813,13687,yellow
3b81dc27-5486-4105-b81f-a379a0ed0757,9982631,80,276803,13261,yellow
1f398128-eb71-467e-ba03-ae428f02c19f,9982631,46,22739776,13927,yellow
29b99889-d5a9-44b6-a80c-941dcdf573fa,9982632,61,273953,4563,yellow
81a00f3d-64cf-4d49-a0a0-9bb5a57ef4c9,9982632,59,273174,13849,yellow
3a9abe67-696b-4f0a-a55a-1432a38419f7,9982632,999,,13849,yellow
4f4b5d6d-7c34-4722-8278-770681216edb,9982627,80,74743,9582,yellow
3a7d533a-bc41-436a-b5ba-b9d8ed7d13aa,9982627,54,72718,14132,yellow
6925f33f-0c19-4821-86f3-24fcef15a84f,9982630,53,274348,12825,yellow
56d24ec5-b8e3-4eac-92e0-b23c127a54a4,9982630,80,313326,12622,yellow
3f543e24-4aa4-43ff-964b-752d9992850e,9982633,53,275704,12647,yellow
0834ce90-df80-449b-bf21-980ec9f0e14c,9982633,56,58882,12647,yellow
66addb98-e849-4b6e-adb2-57ce3f27ac31,9982633,69,271895,12647,yellow
96597fc4-7700-4d86-8e86-0b1cd6c26a9a,9982633,50,74668,12947,yellow
85d96f70-a3dc-4e9b-a7bb-d1fdadad731a,9982635,19,60887,15127,yellow
822397ff-926f-4b45-9abc-b88f38b4503e,9982641,77,274010,13849,red
bc9198c6-fcac-4eb0-a6e2-47636512694c,9982638,57,63497,13687,yellow
3399e9f1-8fff-46da-b823-db478ee47720,9982638,74,63099,13687,yellow
5e8210e0-157a-496c-bf02-c0baf8dbb29b,9982638,77,276800,13687,yellow
a9694015-7380-43ad-9696-1263bbe33624,9982638,58,66338,13673,yellow
713d1c7d-439f-4962-896f-0ec8ecccc611,9982638,65,73458,13673,yellow
99f568a7-4c62-4a98-a456-fef1b1c120ee,9982638,74,273115,13673,yellow
30346101-ce92-4e36-b5f6-437f0c6a6b03,9982638,74,274534,13673,yellow
a676e3a4-fe4f-44f0-aabb-a2f91f5e53ee,9982636,64,62024,14132,yellow
da383bcd-0414-46d0-9762-2d99acf8413e,9982636,67,62024,14132,yellow
ace87dda-c582-43be-8ae8-ae33872b3262,9982636,84,277345,14132,yellow
428fc43b-7bea-42e8-9ad3-b798a8852e13,9982636,45,271615,14815,yellow
03c64ba7-95e2-435c-9b62-607b334814d0,9982637,69,75763,30056,yellow
65bcaf68-7fc5-4296-8391-7c93f0ef3e59,9982637,74,,30056,yellow
eed1f6ab-7d84-4e87-9a0f-5ce84be3a53c,9982637,40,77312,9582,yellow
2ef5cd7c-1717-4453-947d-3866edce2bb9,9982637,75,276437,9582,yellow
519f556f-8ac1-4200-8cf0-89a1ba2e6f94,9982640,12,277943,13927,yellow
f60dffc5-dba2-4532-89c6-f889b52a129d,9982640,66,274790,13927,red
0dac0a29-fe36-460c-bab5-1afc341bf23e,9982640,80,275258,13927,yellow
bae8553c-1330-4126-958d-2092a616c9a8,9982640,64,273346,12825,yellow
0c96ce34-58f3-48c1-add2-35038e4540a4,9982642,80,,12947,yellow
add5764c-2f83-4319-ac5d-6ca101cd6137,9982642,68,74975,4563,yellow
8c388a91-9121-4548-94dc-e6a8abf150d4,9982642,73,273953,4563,yellow
8aec8ceb-4b7a-4874-a28e-c5d1ee882693,9982639,56,66835,12759,yellow
f0ffa114-f7e3-4080-b88d-fd279531be53,9982650,23,385434,13261,yellow
32fd2f25-98bd-4333-bfbd-8fde86b1224e,9982650,48,314539,13261,yellow
0b40ba25-c1b6-4dc9-af43-1be5b9b3b11a,9982645,54,277884,14132,yellow
61e710b4-3d70-42d8-af96-fbc653cf0359,9982645,61,294183,14132,yellow
da6b91e0-b632-40f2-b87c-12e770ce5854,9982645,71,276674,14132,yellow
e72547a0-35c9-429d-adc1-0f2655bf6704,9982645,82,271476,14132,yellow
44b100e6-f81b-4a0c-951d-9cd1e9aad604,9982645,53,62127,30056,yellow
e8113e4c-0077-4423-b4dd-f40b099f1e96,9982647,75,74024,12622,yellow
0be5599f-6099-4ce5-a386-2a172e8ff530,9982647,84,274324,12622,yellow
c9064c00-9d9b-4df3-ae88-b441c728d9e8,9982647,85,63233,12622,yellow
66111a68-53d7-443d-95d9-8f0f986dda6e,9982651,72,273953,4563,yellow
5639bf28-39d3-4731-a2ae-401fc9f0f445,9982651,81,271986,4563,yellow
5f25e8e0-c708-4f93-b6c7-f91efc97f32c,9982651,46,276230,12725,yellow
293a696f-c5e2-48b8-be4c-8d2127862bd3,9982651,62,64282,12725,yellow
6975b965-c0f3-464b-a6f6-2a7450841e29,9982651,74,276940,12725,yellow
7160a128-28fe-4c4b-84cf-51a565c3faec,9982649,57,274372,12825,yellow
0f8491cf-b681-4a48-80aa-db789378e17d,9982649,1,273174,13849,yellow
932cbb6b-87d5-404f-ba0b-afb628d88bc5,9982649,28,274290,13849,yellow
4bad15dd-0cad-4d10-b2d6-c1425400df28,9982649,64,75354,13849,yellow
5f1a7175-d066-4f2e-9fc6-351ac3bf80a0,9982652,54,271895,12647,yellow
325afa5d-7ca0-4b00-8259-74f281a93232,9982648,18,21979133,12759,yellow
20f22062-4524-4ed9-89ea-5ba37fe43a19,9982648,68,77360,12759,yellow
327ca4f7-c1a3-4827-87ba-1449453ecdb4,9982648,76,276934,12759,yellow
bb9e0b03-77b3-40ae-9a09-95489f16238b,9982648,22,273366,13927,yellow
45abc70f-444d-4f3c-abea-37de59b51d62,9982648,68,277943,13927,yellow
256da8b8-e06c-47e9-acc8-7a59a09f8b0d,9982648,73,,13927,yellow
55ffe223-913d-4192-8447-6b350d59b0c9,9982648,74,277943,13927,yellow
9a3ffeb2-c5b4-416f-9fdd-ac3f692a145e,9982646,40,66328,9582,yellow
60e88404-0769-4064-b57e-b0ce72702626,9982646,45,77889,9582,yellow
8da1f7ee-b182-48a8-9d8b-ea268681dc8c,9982646,85,67407,9582,yellow
dcac2992-3da0-446b-82db-a0567f3c111e,9982646,84,,9582,red
4c1d5c08-33b8-41fa-85e9-3d6fac856e55,9982646,85,74337,9582,yellow
05331703-fd14-4477-a279-989c6890fb3b,9982646,85,75044,9582,yellow
0c1cd3e6-0e1a-429b-b38c-462e809ad930,9982646,61,276800,13687,yellow
6bc089f1-21bf-4a2c-8168-9e4cc8fa17f2,9982646,84,,13687,red
4af8696e-bbbf-4fed-8d97-450aed79275d,9982646,81,72813,13687,yellow
b1dc080a-6378-4152-ba69-d374e1581694,9982646,86,73153,13687,yellow
ba1d6c6d-e89f-409a-8861-e40fe128fc63,9982653,25,63213,12803,yellow
f8a270c1-392e-4b2e-97f7-d13c117f88d2,9982658,30,77360,12759,yellow
eccaf7a2-d726-44d6-b684-297d8d013244,9982656,82,77354,12622,yellow
f2eb2a42-63d4-473b-a424-aa5b38ed0e8b,9982656,50,276437,9582,yellow
bc1b5249-90b0-47fd-81c9-20d7ec8a026d,9982655,20,277884,14132,yellow
4df98be1-5d14-4efa-8bd4-1dda7875b16d,9982655,49,276674,14132,yellow
d0d8d8ed-bee6-4d8b-b52b-f2e03d9185b5,9982659,33,275755,12947,yellow
ffc177cc-5d29-4747-9389-ef404f1b33a3,9982659,78,73670,12947,yellow
2b487ff8-a56c-4935-91d9-1bda291ee601,9982659,30,,12825,yellow
9af92f48-a541-4703-b8f9-0cfcd6f1359c,9982657,31,273238,13673,yellow
33506236-427f-4192-9ac0-32614d0add7f,9982657,73,276802,13673,yellow
0b28e5df-4f26-4270-8f50-e87b257c2705,9982660,30,276230,12725,yellow
119d6920-ab6f-461f-b3b6-54b734830d64,9982660,77,276654,12725,red
d2bafd75-b5ff-4950-8434-0eca262a1c02,9982660,55,385434,13261,yellow
313ccf92-cf5a-4ede-91d8-81a1b9c8a822,9982660,77,,13261,yellow
edb87dea-741e-4a83-8023-3bdd2a3256de,9982662,11,274419,12647,yellow
d5c2be98-b376-4e41-976a-513d5ada3c80,9982662,36,271895,12647,yellow
0ff983ba-37a5-4c6e-8b45-1c217679a114,9982654,45,276318,14815,yellow
6b9f4cc5-202b-4a26-ae15-17384bc9bf09,9982669,11,73684,13261,yellow
4fa42899-a133-4c3d-aa5d-8a5683291c38,9982669,14,371572,15127,yellow
a7060786-1df7-4115-9a80-7d4147f71224,9982669,79,,15127,red
20977e6e-a406-4398-8f33-c6db4e100989,9982670,25,,4563,yellow
0b8a497f-a038-4931-920b-4d11f6bfa2f2,9982670,42,276714,4563,yellow
53376d10-1cb8-48b1-8319-16add45597cc,9982670,44,60471,4563,yellow
6597433c-c970-429e-8c7c-5d254a44ce99,9982670,73,62825,12803,yellow
10526bc3-267b-44e6-9aa4-63edf6aad1cc,9982664,25,272447,14132,yellow
f6c0a0c7-6065-4aae-b778-27603cb6145b,9982664,37,72718,14132,yellow
c785af2b-8663-4534-bc25-5bf6b0f96473,9982664,80,276218,14132,yellow
119b937d-8951-4328-b346-6819618b8307,9982663,61,272676,30056,yellow
160b4d54-fa5f-458c-9d2d-b399e6aaf6c5,9982663,63,63099,13687,yellow
b1c10e3d-6eef-46b2-bb9f-e0d6b3f9e4d5,9982666,26,274318,13673,yellow
df6ddbb2-ce86-4324-ac5b-d721ab06a595,9982666,77,315559,13673,yellow
53d8c0aa-338a-4237-b134-40f83ad11cb8,9982666,34,75354,13849,yellow
4d2541f3-1662-4275-a9a1-dca8b47a65eb,9982666,71,273174,13849,yellow
14e40549-0a98-4bf7-b921-17e85a7b641c,9982666,78,,13849,yellow
97ea8fac-65a3-4c6b-958e-84024c7f7153,9982666,78,,13849,yellow
70daa27d-afc8-47f0-bdb7-200c971f934c,9982668,90,74823,12825,yellow
4b8f45f9-4708-4939-a2ec-fdeb2fefefae,9982668,55,,12725,yellow
165fc658-6679-4b2c-9c97-02ae8d28875f,9982668,55,,12725,yellow
025a645a-823b-4af2-b111-11648779d186,9982668,86,276940,12725,red
a8cbaab2-7606-40b1-8b72-f3a09a06338f,9982667,71,275382,12759,yellow
f530afd5-23a9-402f-9cc1-893416c83c26,9982667,79,,12759,yellow
fba750cb-1239-4535-9d87-78595d9913d6,9982667,51,76471,12947,yellow
452da637-2c38-4a64-b55c-47c727fa6995,9982667,69,,12947,yellow
aa3f6f4e-b77c-4157-b59d-aa78d96bf4b9,9982667,82,76471,12947,yellow
cc134eaf-444d-4bff-8d2d-7ddacabdebf9,9982671,32,76982,12647,yellow
982c5f7e-b1e1-4e8d-bb11-c1c43824654d,9982671,57,275704,12647,yellow
09fb552e-dd0f-49a0-b0f3-5e7b0f9b5ef2,9982671,59,274419,12647,red
d35dc5e1-424f-4784-b803-9d659206f272,9982671,61,275704,12647,yellow
5368e49e-a74f-4a9f-a48e-756e50d5cca4,9982672,54,292713,13687,yellow
3acf2d38-ec5a-46af-88a2-122d4021636b,9982672,62,275240,14815,yellow
90108128-9e22-4836-9b6a-8f9919527e04,9982680,68,314324,4563,yellow
1ddf560b-600f-4b18-b58c-c6b9d82871b2,9982680,71,271873,4563,yellow
7d75d74e-2deb-4ad8-aebd-b5dd791c9ebf,9982680,80,60471,4563,yellow
4c48e5b9-009e-4058-9936-05e7625af407,9982678,80,276541,15127,yellow
3905588c-6ea1-49dd-8f12-4edea4c74a93,9982678,79,273178,12825,yellow
888fce0a-0d00-4c02-987b-36adfd2fdd2b,9982673,24,316446,12622,yellow
52546756-f453-4b17-b260-7d819d936fc9,9982673,64,293258,12622,yellow
2f9a7b70-6c07-4260-bce6-daf42ab61d09,9982673,79,275652,12622,yellow
7dd17dc1-522e-4a86-9d3b-0ee1e2d21b55,9982673,44,,30056,red
501be7ce-c845-4481-86aa-204aaca9c3e3,9982673,45,,30056,red
eef28505-87e0-4a13-b020-9a5cc158cbd8,9982676,39,76330,12947,yellow
efe91723-8438-4206-9a3b-7a5b800e2964,9982676,47,73192,12947,yellow
8ef0894a-1e7e-4334-9dea-398026f387e7,9982676,75,271485,12947,yellow
15bc5a44-6de1-47e3-901b-8e532786290d,9982676,40,67101,13673,yellow
782f4f3d-70b0-4b81-b9cd-7c53185dc017,9982676,74,275254,13673,red
f0a767b0-a009-40b7-9409-7aba9c4c30b1,9982674,59,273126,13927,yellow
090dc223-ba67-4630-b001-da3216cb2458,9982674,74,273366,13927,yellow
b8ad1691-9afd-4863-bc8a-6750cee75c2f,9982674,79,277943,13927,yellow
c04e00dd-f4b0-43cb-b32c-f770e6b2f3ef,9982679,17,74333,12803,yellow
ea089738-3a00-4985-b8f1-ce74f015ed62,9982679,54,63139,12803,yellow
efbf7de6-b7da-4bf1-8590-33e481883ee1,9982679,54,63139,12803,red
7f9670a6-d4d5-4978-9154-f71b36bac838,9982679,67,62825,12803,yellow
d8bd8552-7303-4655-a178-a795bfcd5335,9982677,46,75936,12725,yellow
6702052b-2832-4569-864d-47f09cabf157,9982677,69,274596,12725,red
06065eed-f7c8-4b5d-8f67-215566028a2f,9982677,84,77459,12759,yellow
7562e93b-4057-45a3-8a08-1a46aeb05a6a,9982681,36,21912875,13687,yellow
ea9b155d-4c58-4c13-b6e0-ed17afa5c6ec,9982681,80,62193,13687,yellow
9fac69a6-4cc4-4b41-8818-04643122817b,9982681,50,274324,12622,yellow
70154949-3cea-4a47-8be4-8856a179031c,9982688,30,314539,13261,yellow
cb4b3bc3-e205-4e46-9861-ac0e4643d9fc,9982688,54,61308,13261,yellow
df01c7e0-a7e7-4d42-bd50-9afbee4d6425,9982688,27,66910,12647,yellow
bcab2067-67d2-45da-adfb-682a366cd18d,9982688,40,274419,12647,yellow
e70c8b74-544b-4340-8f14-3cabf3af622e,9982688,70,272145,12647,yellow
f1b1bdb8-4c6c-4d7e-adb1-2e1a13fc04bb,9982682,33,73814,30056,yellow
93d281ef-b608-44ea-86e5-b0fa5aea4210,9982682,65,273366,13927,yellow
e9309d8c-49aa-4914-aa87-36b94270014c,9982689,57,274024,14815,yellow
770a900c-7fb0-4dee-91e8-06cf02928044,9982689,68,276714,4563,yellow
665d609d-002a-44fc-80e7-23e85a533df9,9982687,47,274372,12825,yellow
accb5535-426c-4006-a8b6-a09938c287fc,9982685,50,274534,13673,yellow
9a69f017-4715-4035-8032-e8ab840ca170,9982685,67,275613,13673,yellow
8f7e8353-233a-4027-b708-afc75ba166c9,9982685,26,275714,12725,yellow
f4aba2a5-a75d-4342-a72a-08e80226a8ea,9982683,35,276137,14132,yellow
1c4f4f79-1a4d-49b4-9a00-d05d332cdafc,9982683,67,277884,14132,yellow
9d580270-6225-424a-afd4-b6eebb9b5ef7,9982683,79,273174,13849,yellow
f83e7a0c-925f-439d-b745-4a7d8f0c1200,9982683,79,275057,13849,yellow
78ed4918-3209-49b1-9f7e-43dbf9cbae36,9982684,79,275755,12947,yellow
32382fe6-1e38-4567-accd-ca33521f7cc8,9982684,80,275755,12947,yellow
c565edde-2b09-4e93-ad79-bce9b01401ba,9982690,29,273227,12622,yellow
72513f15-126e-47e4-8b55-b6c4dddd6c54,9982690,46,77519,14815,yellow
01bfd327-0508-4111-8959-7948b9baa4da,9982692,79,274010,13849,red
e8710f1d-e0fb-43cc-820f-500e990a5ed5,9982692,54,73814,30056,yellow
6911dd34-f42c-4992-bf59-a7043bd82f5d,9982693,81,,12947,yellow
7353955a-85db-418c-998a-b4260ef4708e,9982693,55,72718,14132,yellow
1cdb8104-78df-4f2b-8459-29598ab8f7c2,9982695,29,21748684,15127,yellow
f79f1685-d3f6-4eee-b87c-075ddc654d84,9982695,37,272039,15127,yellow
db2cd084-6ad3-4466-8d01-d26071e63a1c,9982695,37,274534,13673,red
bdaed690-67c7-4f09-a2fe-8cbe9a1fbc3e,9982695,74,273021,13673,yellow
14150e39-c008-4277-a383-31a8aae833bc,9982696,20,275382,12759,yellow
2019ed1c-a669-4b23-b202-ecc62702f0da,9982696,40,67630,12759,yellow
08de078e-be11-4571-902d-3f6011d2a21e,9982696,63,274611,12759,red
0af8ba8c-7daf-4cd1-8ab2-4fe0d2225699,9982696,68,66835,12759,yellow
ab85fdc0-4838-49de-ba44-f4ed822e8270,9982698,24,72924,4563,yellow
9e2440f1-1315-42b3-888d-7601e6255b94,9982698,35,74975,4563,yellow
f12f6b0f-6257-4ca8-a38e-337cafb245c5,9982698,53,60471,4563,yellow
48b322b3-090c-4c62-93aa-79490b29855d,9982698,55,277476,4563,yellow
67ad26c6-2d56-4e32-b15a-47c633b3df83,9982698,24,73524,13261,yellow
0ca9f598-a24f-461b-bcd5-7f7db37a86d5,9982698,72,272074,13261,yellow
ca8d5dd2-22e6-4975-aa95-6bbc5956ea03,9982698,83,314539,13261,yellow
b1ea5e85-9e6c-4aad-98a8-1f17e7ac4c70,9982697,64,,12647,yellow
84a2740f-db75-41a0-8809-f8a33e8859a4,9982697,27,274348,12825,yellow
4e38ddb0-bf78-46b6-bf4c-7c89672e7d4f,9982697,54,274809,12825,yellow
396c2391-c611-43b1-b38e-f8ca84a9d6e9,9982697,68,274348,12825,yellow
d5d3fc1b-b5ef-43b0-bbc7-47b0d088b44b,9982697,73,274372,12825,yellow
12f922d0-1a34-4c50-af1d-46c2db6074f6,9982694,47,276654,12725,yellow
15435402-8a39-4010-93c0-d5caf38d98f7,9982694,56,275713,12725,yellow
fa9adea1-1dd2-428f-a4b7-0983682783b5,9982694,56,276230,12725,yellow
b5e8b8b6-9b3c-4e54-b43b-e9a030a4d88d,9982694,77,76602,12725,yellow
e3a7b9d1-8a8f-4087-9cbc-79db799d119e,9982694,6,74743,9582,yellow
024f625c-4d68-469f-9358-6fcdbc9de790,9982705,33,274076,12759,yellow
b0f4772d-a3de-40db-8d3d-a181e77396a2,9982705,43,77197,12759,yellow
cc0b606c-646e-4040-a9a3-b145590f511e,9982705,67,275382,12759,yellow
b89134ff-79a5-4eae-bd13-3418b5773589,9982705,30,272145,12647,yellow
f40b502a-dd0d-4ab0-815f-4e9760753edd,9982705,34,,12647,yellow
896e9b78-e06c-48a2-88d6-0af9b422045c,9982705,79,275704,12647,yellow
ba55ca91-cf1e-4893-ade8-012aca0b6113,9982700,51,276800,13687,yellow
d3687f74-19a9-4349-8de6-b677ff93c529,9982700,29,,13849,yellow
6e80228d-49ee-4d56-885e-f968e0e110ed,9982700,38,273174,13849,yellow
e89aaeeb-6489-45ed-8401-19405d453e3a,9982700,45,273036,13849,yellow
038cf8e9-f5be-4467-b02b-f486918b42d8,9982706,76,,12825,yellow
4ada4590-81d7-44a0-9e80-05d73e44c0da,9982706,39,272031,4563,yellow
c5fb1f18-4c03-4561-9be1-799013f0279b,9982706,63,72924,4563,yellow
07f82e40-5245-4d80-8f16-2509e7da3b9b,9982702,13,72718,14132,yellow
02968dd0-b708-4b4a-ae34-8ebe5b1d5d0f,9982702,19,276940,12725,yellow
a3ad7a23-ce6a-48b1-a196-1a75d1f9b2c8,9982702,69,,12725,yellow
8e7fa3ba-0037-4132-a0ec-8958f28d0340,9982702,999,,12725,red
ce67ac3a-167b-4fd5-ad1f-6c2899435d06,9982702,999,,12725,red
4c4ddc92-f242-4be2-9f6e-bb829878baa3,9982703,67,276717,15127,yellow
ac46bb14-aa7c-45ae-b57b-3fa24d824e53,9982701,48,78021,12947,yellow
1c785d8f-9dbd-44c2-a4de-50cf4a239a95,9982701,70,275073,12947,yellow
daca0459-bf43-4967-a980-d2ae563b53b3,9982701,80,76471,12947,yellow
1571a5d0-1523-4dd7-8020-b949435f51fe,9982707,18,314539,13261,yellow
aed82135-32a0-4937-9d23-c4bf909d0921,9982704,68,,13673,yellow
41cff764-1538-4f41-b916-62063e61e82b,9982704,74,,13673,yellow
3e4181a5-dc05-4a7f-bb17-1e85a1b89b7b,9982704,79,66338,13673,yellow
eca3e111-3ad8-4f52-96fe-6a2a63ca3b6f,9982704,80,67101,13673,yellow
2133cc83-706b-4c4c-a8b0-c16e4f1fa35d,9982704,73,63344,12803,yellow
1207b340-9e13-40d8-b075-ad77e65d7cba,9982699,32,74024,12622,yellow
1dfd7665-6fd1-44b3-8798-acb3ccd701d1,9982699,70,73985,12622,yellow
de43f67f-fd54-4b05-b3ce-b62a45e44ab6,9982699,56,273366,13927,yellow
0bfac0bc-22a5-4a3e-b919-353e802119ea,9982709,50,,13849,yellow
f092c5bd-2145-429b-8c9c-d8327a545f98,9982709,55,274290,13849,yellow
d2d65bfc-6f41-4706-b7d0-d1d13cec34cc,9982709,56,73531,13849,yellow
fb31dc5a-46af-4adc-a105-c6b123b512fd,9982709,73,75788,13849,yellow
c4e7cdb7-524d-4b4d-a338-c5af72aa43f6,9982709,999,275057,13849,yellow
d887f461-caa6-4229-89b1-b4739cd319c5,9982709,30,275652,12622,yellow
f71e8239-d332-412c-b8d1-71811c0270c7,9982709,32,77354,12622,yellow
3c2ba273-01bb-4e69-86a4-5ae0e95d320f,9982716,61,273346,12825,yellow
48969b8e-fa90-47af-818c-b6505c56d4c2,9982716,77,274556,12825,yellow
df162f31-c6b5-495a-9c92-1b2ba59219bf,9982710,70,,12947,yellow
5938a1a4-7685-4583-8188-babec3b102db,9982708,25,271615,14815,yellow
3b53c979-0202-436f-b513-6da4789cfa71,9982708,76,275240,14815,red
511db730-bbc2-4ba6-b4d7-8f290a5f19c7,9982708,83,315754,14815,yellow
0c71730a-7d71-4328-aed9-01f0bd846a5f,9982708,80,,13927,yellow
31d73ef4-8f9c-437e-b9e4-4b5fbc02db37,9982708,83,273366,13927,yellow
63c96017-186b-46eb-ad85-d4396604ad3b,9982712,52,272039,15127,yellow
5f86ce38-bc81-40ef-95b7-2367e0b6fadd,9982712,70,274122,15127,yellow
b66de036-134f-4486-ba8a-e8cecb859e2e,9982712,34,22611464,14132,yellow
e1e84142-3bd0-4ad6-9a3a-7d142278cf1b,9982712,44,272452,14132,yellow
9746dd6f-9373-49c2-8f0b-cdc46092efcc,9982712,73,276674,14132,yellow
173fec47-f62f-4225-884c-2fede0faa780,9982714,63,273021,13673,yellow
f7bc256e-b2b3-4793-8c46-54c1f468d062,9982711,40,75451,12725,yellow
92bfb6b0-5fa3-4d27-aac1-3022c100722c,9982711,49,276654,12725,yellow
b76c7551-5ce4-4c98-8543-7b4c7f74937a,9982711,53,276364,12725,yellow
4a8c668e-c8d3-4e61-8d40-eb84de105525,9982711,61,275714,12725,yellow
4bc44c3d-5f17-4237-880b-a6da181b7d79,9982711,82,64282,12725,yellow
e0db58ff-395a-41f8-91fc-1b40411fb2eb,9982711,75,73772,30056,yellow
b9035d43-49e6-42c7-8c48-b170a77b9dc4,9982715,55,272031,4563,yellow
1e329bf4-dc86-496a-8395-b4f220dfdae2,9982715,78,271873,4563,yellow
75fbfc8a-88a1-4bbd-bef5-dfd8b9eb660f,9982715,26,275260,12759,yellow
a58b5348-bddc-42ba-b143-a6e591eb3248,9982715,60,77360,12759,yellow
0158faa7-f422-44f8-b2ce-8a65f98ca5ef,9982717,57,276340,13927,yellow
2ceb0062-9ffa-4d1d-9f08-c9b8f8c7189c,9982717,61,274540,13927,yellow
02ee3436-1906-4e95-b3f2-d94d01cd247a,9982717,63,22739776,13927,yellow
24c59e3c-6f4c-43e3-b738-91c9b1f194ae,9982717,82,,13927,yellow
5ae45583-8260-4e44-afb2-2942ca4314ba,9982717,83,,13927,yellow
9e915eab-fb3f-4a61-ab2e-e7c329dce693,9982717,69,289127,13849,yellow
fd9e36c4-45db-4a5e-863c-a30e95fef39c,9982719,82,63243,13687,yellow
b75aec9c-3f31-4680-b482-ee2a4b506aba,9982719,80,276800,13687,yellow
3125b281-7e00-464a-b43f-a379e3813ca7,9982719,20,276940,12725,yellow
685b4bad-743b-4a75-a6e8-83f46c69af54,9982719,85,75451,12725,yellow
233ddf82-bd16-4b21-b8d1-cb1a333a3998,9982722,48,72955,9582,yellow
3f1d4c77-9f77-47a1-ab74-2dbe1bb55b2d,9982722,77,66328,9582,yellow
aa16a424-c278-448b-8a29-b42b505cc039,9982722,42,,12647,yellow
f7c36dfe-2625-40a0-a2a6-5e4c5a63be31,9982722,68,274419,12647,yellow
740f3a8e-dfbc-45d1-bfb7-9d273e884cd5,9982725,41,,12825,red
0b10a37c-1850-407b-bd0a-8acfbe8fc698,9982725,57,276443,14815,yellow
8c5b32d4-05bb-4268-b172-afd24e0c614e,9982725,82,275177,14815,red
6337058a-d833-484f-9bc6-bcf46b61b3bc,9982721,76,276218,14132,yellow
6bbdf010-8842-4444-be35-ce130442533b,9982720,34,61777,30056,yellow
63e64b3d-2051-4c04-9c73-158d67763f23,9982720,37,61777,30056,yellow
0cd33ac2-4cd4-42e6-9fd4-c4453384a332,9982720,62,273452,15127,yellow
0a2ab0f4-9d07-49ae-9fc7-d299a943264e,9982720,77,274461,15127,yellow
d39f58ab-dd2e-403c-8a4e-88102950617f,9982724,67,77459,12759,yellow
491f7e75-e000-4a8f-b549-e8ed4c0d86cd,9982724,83,275417,12759,yellow
6b7a7da1-a221-4336-b99f-c2408d174be2,9982724,999,274076,12759,yellow
6bf47756-71bd-4baf-afe2-967ba1b8f8b2,9982723,41,348811,13673,yellow
8718db89-1a79-4fe8-af27-d4a329514c11,9982723,72,67101,13673,yellow
8cf9ccf3-41e5-4f2e-943c-a0a5cdff2f36,9982723,79,563572,13673,yellow
ac64d5fc-506c-460d-b004-c4ec369a229f,9982723,84,72924,4563,yellow
5ec516b8-ea3c-4b53-af14-ba78892f0452,9982734,17,75354,13849,yellow
f7df4c03-85da-40cd-8afc-0e4eb07d9b7d,9982734,79,274290,13849,yellow
8aca9812-095c-4e6c-baf9-fd1603697249,9982732,72,316446,12622,red
edd0b206-7a7f-4e15-a6d3-64263cbe66bc,9982732,23,276654,12725,yellow
9e6dac28-0de2-4ccb-8b7a-cf2073335f34,9982729,65,272447,14132,yellow
45b283ab-bc5e-434b-abce-34c21d5fd62c,9982729,74,275076,14132,yellow
a049b4f5-7581-40b0-a83a-c3e7fb4af3d0,9982729,82,294183,14132,yellow
df793797-ac42-4aa1-8bf6-00f743756ea6,9982729,47,76982,12647,yellow
2b05c64c-6016-4aae-93d3-7facb2ade920,9982729,83,66910,12647,yellow
94cc9575-5e6c-4828-8b8f-b8899e054793,9982727,36,61308,13261,yellow
877d5dab-4247-4b97-b276-d2676614fc5a,9982727,67,73524,13261,yellow
291454ba-893a-4831-a553-f0596d323fd7,9982726,60,77360,12759,yellow
caf13b20-5cc2-4a89-8303-9cc588902fe8,9982726,62,276934,12759,yellow
4077ecde-ab49-4d56-9d43-aa2f6bf7ae62,9982726,65,275260,12759,yellow
aea41776-9441-4695-a95e-9c87124c8458,9982726,78,274076,12759,yellow
4b1314cf-5e60-4c96-bddd-4f07b2d9153c,9982726,31,274556,12825,yellow
b7b4af2e-eeb0-4513-ae52-d5ae7053769f,9982726,45,274809,12825,yellow
f32677da-9f3e-41f8-b5ce-a976adedfe4b,9982730,27,73626,30056,yellow
0dc9d579-673e-4bf2-8da6-f0e520313a02,9982730,78,73814,30056,yellow
513590a4-dd2a-4078-91b6-bcf4e12f2116,9982730,83,63509,30056,yellow
d7de9361-1873-4319-92cf-e83057a89a4b,9982730,58,63012,12803,yellow
b6fd8193-f669-4d18-ac1d-738a1786a05e,9982730,77,63213,12803,red
1cc28b0d-c4db-4362-b8c1-4d2faf97c822,9982730,78,73615,12803,yellow
fd80e5ff-a3a5-4e91-9ac4-cfb02d19c67f,9982728,17,75044,9582,yellow
f59a439b-b4c7-4e37-b198-4ed73d3e2e92,9982728,45,72748,9582,yellow
5b28e533-ffe0-40f1-97f6-ce68fbf6fc2f,9982728,68,276437,9582,yellow
ec27c1f1-ff7d-4f80-a03e-d6649de088f5,9982728,43,,4563,yellow
9be804ae-ae76-4530-846c-2439f64503a6,9982733,61,277943,13927,yellow
0f450560-9c94-41b0-8016-be9900196876,9982733,67,276606,13927,yellow
bbeb2b9a-0362-40f4-8f67-8012a29c362e,9982733,5,275755,12947,yellow
34d00a56-9583-48e8-b81b-fd8522fa3ea1,9982733,81,74668,12947,yellow
d4344fac-4b1d-4c01-8b34-83d586fcb6d6,9982740,60,63139,12803,yellow
abf4d82a-66f0-48c5-813a-1760b66d0414,9982740,70,63099,13687,yellow
1a656538-25fe-4447-8477-e3aa7ac2ee63,9982743,5,76330,12947,yellow
b8fb8b5c-2ad6-4a53-977a-1713fb1152b9,9982743,52,73670,12947,yellow
cbb45b47-14c4-4bff-8bf6-9a04cefec18c,9982743,58,271678,12947,yellow
64e96916-8cae-4cba-a4cb-e51477d9e911,9982743,60,275755,12947,yellow
0686d914-770f-4d0e-9569-b28acd46f721,9982743,70,,12947,yellow
ac32bab8-3dcd-4b87-a5cd-85f424b7d43b,9982743,70,277830,12947,yellow
707b8457-3f58-4f8a-bd74-daa0b1f043c2,9982743,74,76471,12947,yellow
1c314ed9-b228-4d8f-b7e7-7fb049f1e2e3,9982743,82,67108,12947,yellow
9a097398-e779-487f-83a8-38b1a3362fe7,9982743,80,275073,12947,yellow
00da1a60-e978-441d-9536-e6b372355eea,9982738,49,60471,4563,yellow
dcac4dbd-ef55-488b-bf1c-d2b71fc482bd,9982738,80,393191,4563,yellow
97616b8d-3777-4f74-b106-0fdaec466c25,9982738,18,276137,14132,yellow
db26b2fb-b67d-4907-bb04-667c485ea795,9982738,37,72718,14132,yellow
e87b2eab-534c-4099-88ba-7d54c0c61e54,9982738,57,294183,14132,yellow
5838ecb1-8317-44b0-99c9-9ad18f3e4d91,9982738,80,277881,14132,yellow
841717e4-8a21-4686-9081-74a797117805,9982736,57,274556,12825,yellow
7e999bac-e17e-4d86-a067-b68d4383dde8,9982736,65,274372,12825,yellow
148f46f8-e2f3-473e-8eeb-b149fd71daa7,9982736,80,275513,12825,red
c9c9dabe-8719-4d5c-8caf-15f83e0b9f9e,9982736,3,563572,13673,yellow
fff5c5e7-18c2-4eda-95e3-f42ec73bf984,9982736,65,67101,13673,yellow
9089bc1b-e705-4a11-b3d7-0f994f2efd84,9982742,80,61166,12725,yellow
c35278e4-5543-45fd-a42a-14f95136d310,9982742,86,276230,12725,yellow
152b2a87-2652-49fc-b9a1-7d1e2117a214,9982742,80,275074,13927,yellow
a8d68d7f-6975-42a2-99ad-e6784127df8c,9982741,37,273452,15127,yellow
276a16a2-ec52-416f-98f6-3b482d289aec,9982741,37,21748684,15127,yellow
2de092e8-cb96-4f3b-af25-317ef299233d,9982741,46,22475068,15127,yellow
c7a0795d-c446-48f8-9528-b2db644a5dae,9982741,69,276717,15127,yellow
d184c1fb-b4d0-449c-a89c-c07138f83dd9,9982741,72,347453,15127,yellow
fcdc1efb-6055-4922-88f9-4cac51b5abcb,9982741,64,293258,12622,yellow
bd49332c-0d69-4373-9132-dd0889e54147,9982749,67,73985,12622,yellow
475d4d65-bf04-4432-8d46-8adfb5d40d7d,9982749,78,74024,12622,yellow
b6b5c911-7d76-448a-b5a2-73296de028f2,9982749,63,21912554,12803,yellow
11ff365f-d75b-4bd7-aa51-44a59e35237e,9982749,78,276226,12803,yellow
c5d41c8f-4bac-49da-83ff-9b57c00e7669,9982751,67,274240,13849,yellow
3add62ee-e5f7-40d2-9043-03e2abfc054d,9982751,67,74863,12725,yellow
ed1d1446-cd56-4b27-a4fc-185525b9c7c9,9982744,44,67101,13673,yellow
a08ec370-6d43-4eb5-b0f6-a251c6c309aa,9982744,47,273021,13673,yellow
560bcbde-2d9b-45eb-a275-770d686f8732,9982752,74,74668,12947,red
259c3b5c-e089-4f30-9a47-062132ce70f1,9982752,80,275073,12947,yellow
2610a49d-899f-4cb4-aaa2-e7c0ea3d09c7,9982752,30,77519,14815,yellow
83ba3b97-333f-48b3-9186-6233f9cfa78f,9982752,80,61123,14815,yellow
20a3193a-2433-4c8d-b4f9-a352e3253607,9982750,78,277943,13927,yellow
8be45d80-8604-4c49-ba89-053bd4c8b817,9982750,32,,15127,yellow
17766d38-e136-46b2-8137-5bcdb7ed7148,9982746,52,62024,14132,yellow
fcdc457f-f682-4ed5-b06b-f01e9c2b0e0b,9982746,78,294183,14132,yellow
701ad2e6-aadf-495e-bd38-659c40bded0a,9982746,41,313375,13261,red
48c9d049-3aae-4506-b4ef-71345a168571,9982746,80,60567,13261,yellow
4c3d07cc-52b9-4b8d-928e-a63f48b75ed2,9982747,61,61777,30056,yellow
335a3a8f-cfb1-470e-97bc-f45ad2d444fa,9982748,27,276800,13687,yellow
11d47f9f-95fe-4f32-ae0b-2cec82578bb5,9982748,62,63497,13687,yellow
c28fc244-2185-4653-b0d9-b39464f29c05,9982760,79,67779,15127,yellow
7661e067-7c72-47fd-ba23-febde1ab220e,9982754,20,23055315,12759,yellow
0201f4de-29fe-4438-99b2-0f002ef1440c,9982759,49,22739776,13927,yellow
9fff75ae-7b44-4276-b441-21cce4793cc6,9982757,44,273953,4563,yellow
1e6e7f04-883b-401a-8a8e-ec288927d821,9982757,80,393191,4563,yellow
e5a2a0d1-1e4e-4d6d-aac8-d9046ebced17,9982757,999,276714,4563,yellow
9056bd89-82ef-4fca-a1e6-88d4e1c8d483,9982757,999,276714,4563,red
1dd4a7c7-de5b-45d6-af1f-1c262fab590c,9982757,70,272547,13687,yellow
577d8e41-53b0-4337-b272-3b082a43c0e4,9982757,999,67525,13687,yellow
4ffa7370-d5cc-4ae1-be46-af60005043e8,9982758,70,61555,12647,yellow
4267fa17-c61b-42b3-b9df-3186cb5e6c3c,9982758,76,313646,12647,yellow
4fb01475-6a64-48b2-ba6f-a29381278290,9982761,44,275667,12725,yellow
7598c804-96cf-488c-ab76-97b2eee5ed1e,9982761,71,276940,12725,yellow
4122df1e-44a5-4571-b10d-916b07d59729,9982761,77,75936,12725,yellow
20e311eb-8119-4700-ae40-b3c2cb747df5,9982761,63,73670,12947,yellow
30b5ff61-d393-44f4-b78c-8b670ff5a6ab,9982755,66,274809,12825,yellow
5c08740d-91d7-4fd7-9b2a-f6912e4c73d4,9982755,67,294183,14132,yellow
9470a0f9-5254-4ff5-86f5-090ecc93b0c9,9982755,70,62024,14132,yellow
54bf00fe-d66d-4b2d-b017-4e4820d54699,9982756,79,,13261,yellow
db0e01d2-1602-4fa8-8654-7f6b22ddf83a,9982756,79,271942,13261,red
ecdcfb45-8186-4151-900f-950bd0ac0e85,9982756,79,275502,13261,yellow
a9468eff-f7a2-4b56-ab60-0ccf7450a780,9982756,60,73626,30056,yellow
90c033bc-e4fa-4364-93c1-da69cc564bb7,9982756,79,61777,30056,yellow
fc4b2caa-f606-4ae4-a1ef-8a29e6ad7c6c,9982753,82,275240,14815,red
87588963-b021-4f17-9917-e7c4c3b45f91,9982753,999,,14815,red
0b640b12-5965-446e-8c13-1c52863ae9ef,9982768,18,272001,13849,yellow
fe93f078-903a-42a5-a365-d7415c1cb02a,9982770,14,75451,12725,yellow
09a51f97-4025-4b43-94ac-c72fb03641c9,9982770,21,75936,12725,yellow
90e3c683-f0e8-41fb-bd6b-42b1c98d9d84,9982770,51,275714,12725,yellow
50cdc973-bb8d-4604-b558-7523cb92242a,9982770,44,74501,14815,yellow
5603cbec-f91d-4afb-a8ab-bc7a17c18447,9982770,68,77519,14815,yellow
3a908ffd-eadf-4cb1-be36-74b5df027883,9982770,78,271615,14815,yellow
2d4d72c6-5a55-43a3-ae04-508900635c45,9982770,82,315754,14815,yellow
f6afdab9-f3d7-4179-9a5d-93772fb2618a,9982763,18,276218,14132,yellow
ac61640d-9541-4e1c-9021-c2a980c0fad0,9982763,20,277884,14132,yellow
c1c9acf0-9dd8-4386-b702-37e3a652a07a,9982763,21,,14132,red
b15afb9b-046b-461a-99b1-a379c95f8a50,9982763,64,72718,14132,yellow
5d10c7a3-23a7-4764-9651-cae310fc18a1,9982763,68,370597,14132,yellow
0ed20e60-c491-4957-b88f-c8b3a8532b5d,9982763,37,23055315,12759,yellow
c41749d9-e881-4926-97f3-ed8679ccc9a5,9982763,39,274075,12759,yellow
724b797b-3f17-463e-a30e-466cfa59d2c4,9982767,71,291962,13927,yellow
6780008f-2920-49c7-9b73-9fd719a33548,9982767,78,276340,13927,yellow
0072c9f8-971e-47ab-8ef3-343d9c380c25,9982767,80,275074,13927,yellow
d7e100cf-ef78-4412-b14b-65000c4cb46a,9982767,84,22739776,13927,yellow
58a98804-6f74-480a-9093-9485a1ef4a95,9982767,47,,12647,yellow
92f256b7-adea-49f0-b8a1-0cf80015cd37,9982767,47,271895,12647,yellow
f441e0a8-d700-444a-a872-5eaaaa3e699a,9982767,84,274419,12647,yellow
4a4882db-2b2a-4a03-955b-add48adac3dc,9982767,999,61555,12647,red
3c68e70e-645b-407c-8a23-c7f53adbec7e,9982762,39,77889,9582,yellow
ce0cfdf8-b975-4191-898c-dda7bc744bf0,9982762,46,74197,9582,yellow
3a54556c-7d40-4ea6-be8f-2006c5b9bf0c,9982762,53,74743,9582,yellow
569b56c9-3349-4db0-8291-16dfebc3dfa0,9982762,12,73458,13673,yellow
52b048f8-5765-4707-9a79-1d92cc335415,9982762,47,66338,13673,yellow
56d4da39-cc65-40d2-bdfd-ec0321049db7,9982762,67,563572,13673,yellow
c2be0a13-d1bf-4604-abc8-4277e09edebe,9982762,76,348811,13673,yellow
1438e3fb-6ac0-488e-ac6d-04c7fac43f83,9982762,80,275254,13673,yellow
193c5951-5730-4036-8be7-22357eb2f547,9982762,80,,13673,red
0d2c6744-826e-4f69-a024-b1c9fa23f724,9982769,7,,15127,yellow
c06b1225-1750-4501-9419-435ab5234336,9982769,8,,15127,yellow
c3d16c1e-c296-4054-b779-5ea747050413,9982769,48,22475061,15127,yellow
d2949657-9f8d-49be-affe-d0c8e19a6333,9982764,78,73814,30056,yellow
f9f13453-c31b-477d-8698-dd9de165534c,9982764,89,,12825,yellow
b44c1f9e-1940-442e-9d11-70f6a39ff43d,9982765,22,348253,13261,yellow
045afdd0-e8bb-463c-b100-8f975d6f4bef,9982765,46,385434,13261,yellow
db9772b6-6143-40e3-aabf-b75d31029bb4,9982777,33,273108,12647,yellow
c04d78e0-6937-40c8-8b38-3e95e994de6e,9982777,44,73531,13849,yellow
f945bdce-46bf-4905-a9a3-66cebc6ab21b,9982777,44,75354,13849,yellow
ad908213-d63f-47cf-a09d-3f27d972ebff,9982778,84,21912554,12803,yellow
cf0f6643-ea37-4852-a714-e3fecfb11604,9982778,83,76330,12947,yellow
464e873f-3b15-4e1e-a665-688eb0dc8140,9982778,84,,12947,yellow
bb9c81c7-7301-4d40-a62d-a729424c61be,9982778,85,,12947,yellow
9afff55a-7b20-4908-ade9-e0f09cbd2783,9982775,83,274416,13261,yellow
7ef94da3-b77a-4c21-b3d3-05d44ebac4e5,9982775,50,74097,12622,yellow
8588c2ce-9f18-4ca6-aeeb-161352dc5364,9982774,52,273346,12825,yellow
2067e3ed-5744-4a38-b66b-fd9855c42322,9982779,80,22274383,12725,yellow
22061018-88c9-49c2-a928-180cf37c476a,9982773,49,66835,12759,yellow
